time_utc,open,high,low,close,volume,interpolated
2026-09-14T13:30:00Z,759.000000,759.200000,758.610000,758.685000,623439,False
2026-09-14T13:35:00Z,758.685000,758.899900,758.454200,758.570000,285680,False
2026-09-14T13:40:00Z,758.580000,759.518800,758.480000,759.390100,275276,False
2026-09-14T13:45:00Z,759.430000,760.560000,759.430000,760.290000,300124,False
2026-09-14T13:50:00Z,760.282400,760.590000,760.090000,760.170000,205799,False
2026-09-14T13:55:00Z,760.180000,760.240000,759.760000,760.000000,208857,False
2026-09-14T14:00:00Z,759.986400,760.590000,759.910000,760.470000,236913,False
2026-09-14T14:05:00Z,760.461300,761.115000,760.320000,760.870000,209533,False
2026-09-14T14:10:00Z,760.870000,761.000000,760.420000,760.440000,179068,False
2026-09-14T14:15:00Z,760.080000,760.120000,759.840000,759.840000,33037,False
2026-09-14T14:20:00Z,759.850000,759.850000,758.820000,758.820000,308473,False
2026-09-14T14:25:00Z,758.820100,758.870000,758.240000,758.840000,326488,False
2026-09-14T14:30:00Z,758.640000,758.770000,758.530000,758.750000,14582,False
2026-09-14T14:35:00Z,759.100000,759.100000,758.300000,758.465000,210761,False
2026-09-14T14:40:00Z,758.480000,758.680000,758.130000,758.680000,197459,False
2026-09-14T14:45:00Z,758.680000,759.030000,758.463600,758.610000,155734,False
2026-09-14T14:50:00Z,758.639900,758.655000,758.110000,758.200000,248822,False
2026-09-14T14:55:00Z,758.230000,758.240000,757.930000,757.980000,84332,False
2026-09-14T15:00:00Z,758.590000,758.605000,758.150000,758.180000,119709,False
2026-09-14T15:05:00Z,758.180000,759.870000,758.170000,759.110000,682507,False
2026-09-14T15:10:00Z,759.130000,759.201800,758.630000,758.630100,144701,False
2026-09-14T15:15:00Z,758.620000,759.170000,758.520000,759.070100,128795,False
2026-09-14T15:20:00Z,759.090000,759.580000,758.990000,759.545000,111027,False
2026-09-14T15:25:00Z,759.540000,759.640000,759.459000,759.480000,13010,False
2026-09-14T15:30:00Z,759.550000,760.890000,759.450000,760.820000,483826,False
2026-09-14T15:35:00Z,760.807000,761.239500,760.460000,761.200000,345717,False
2026-09-14T15:40:00Z,761.220000,762.230000,760.970000,762.090000,303775,False
2026-09-14T15:45:00Z,762.100000,762.150000,761.470000,761.480000,210421,False
2026-09-14T15:50:00Z,761.475000,761.880000,761.290000,761.810000,187691,False
2026-09-14T15:55:00Z,761.820000,762.030000,761.690000,761.750000,112862,False
2026-09-14T16:00:00Z,761.765000,761.765000,761.760000,761.760000,90,False
2026-09-14T16:05:00Z,761.320000,761.520000,761.210000,761.400000,91339,False
2026-09-14T16:10:00Z,761.400000,761.670000,761.360000,761.467400,63263,False
2026-09-14T16:15:00Z,761.480000,762.450000,761.480000,762.350000,120307,False
2026-09-14T16:20:00Z,762.360000,762.490000,762.020000,762.430000,133175,False
2026-09-14T16:25:00Z,762.410000,762.450000,761.890000,762.020000,139276,False
2026-09-14T16:30:00Z,762.010000,762.450000,761.950000,761.950000,116590,False
2026-09-14T16:35:00Z,761.970000,762.110000,761.835000,762.050000,63241,False
2026-09-14T16:40:00Z,762.050000,762.310000,761.920000,762.310000,58128,False
2026-09-14T16:45:00Z,762.320000,763.500000,762.050000,763.263900,236959,False
2026-09-14T16:50:00Z,763.280000,763.520000,763.020000,763.060000,141050,False
2026-09-14T16:55:00Z,763.060000,763.100000,762.570000,762.900000,138167,False
2026-09-14T17:00:00Z,762.900000,763.060000,762.530000,762.660000,114506,False
2026-09-14T17:05:00Z,762.680000,762.810000,762.340000,762.445000,105961,False
2026-09-14T17:10:00Z,762.455000,762.860000,762.400000,762.760000,71105,False
2026-09-14T17:15:00Z,762.180700,762.270000,761.904000,762.050000,87418,False
2026-09-14T17:20:00Z,762.085000,762.420000,762.055000,762.290000,62200,False
2026-09-14T17:25:00Z,762.320000,762.720000,762.190000,762.690000,64829,False
2026-09-14T17:30:00Z,762.715000,762.830000,762.490000,762.640000,85517,False
2026-09-14T17:35:00Z,762.660000,762.870000,762.510000,762.810000,111326,False
2026-09-14T17:40:00Z,762.830000,762.834600,762.540000,762.600000,68447,False
2026-09-14T17:45:00Z,762.650000,762.850000,762.550000,762.630000,95736,False
2026-09-14T17:50:00Z,762.640000,762.869900,762.575000,762.785000,86247,False
2026-09-14T17:55:00Z,762.780000,762.850000,762.340000,762.349900,65252,False
2026-09-14T18:00:00Z,762.355000,762.830000,762.210000,762.240000,158064,False
2026-09-14T18:05:00Z,762.253100,762.588000,762.125000,762.430000,88557,False
2026-09-14T18:10:00Z,762.430000,762.440000,762.160000,762.310000,73588,False
2026-09-14T18:15:00Z,762.350000,762.480000,762.187100,762.280000,48948,False
2026-09-14T18:20:00Z,762.270000,762.330000,762.100000,762.117000,63085,False
2026-09-14T18:25:00Z,762.130000,762.190000,761.960000,761.980000,38925,False
2026-09-14T18:30:00Z,762.050000,762.350000,761.970000,762.226300,91366,False
2026-09-14T18:35:00Z,762.220000,762.469900,762.200000,762.350000,77566,False
2026-09-14T18:40:00Z,762.320000,762.520000,762.250000,762.350000,99223,False
2026-09-14T18:45:00Z,762.350000,762.530000,762.114100,762.500000,135617,False
2026-09-14T18:50:00Z,762.500000,762.540000,762.291000,762.320000,80135,False
2026-09-14T18:55:00Z,762.365000,762.370000,762.090000,762.128000,59622,False
2026-09-14T19:00:00Z,762.150000,762.150000,761.980000,762.020000,35777,False
2026-09-14T19:05:00Z,761.940000,761.980000,761.610000,761.830000,131367,False
2026-09-14T19:10:00Z,761.850000,762.090000,761.820000,762.020000,105254,False
2026-09-14T19:15:00Z,762.025000,762.025000,761.770000,761.873800,104735,False
2026-09-14T19:20:00Z,761.860000,761.930000,761.649000,761.810000,220978,False
2026-09-14T19:25:00Z,761.790000,761.860000,761.690000,761.725000,99587,False
2026-09-14T19:30:00Z,761.725000,761.930000,761.700000,761.745000,106939,False
2026-09-14T19:35:00Z,761.700000,761.730000,761.550000,761.600000,201145,False
2026-09-14T19:40:00Z,761.605000,761.720000,761.540000,761.600000,248311,False
2026-09-14T19:45:00Z,761.590200,761.830000,761.550000,761.710000,394902,False
2026-09-14T19:50:00Z,761.710000,761.800000,761.115000,761.250000,537115,False
2026-09-14T19:55:00Z,761.250000,761.340000,760.660000,760.770000,1209216,False
2026-09-15T13:30:00Z,760.130000,760.340000,758.730000,758.920000,497114,False
2026-09-15T13:35:00Z,758.920000,759.865000,758.920000,759.810000,184667,False
2026-09-15T13:40:00Z,759.800000,760.020000,759.400000,759.950000,140058,False
2026-09-15T13:45:00Z,759.950000,760.190000,759.220000,759.350000,197870,False
2026-09-15T13:50:00Z,759.350000,759.770000,759.180000,759.670000,158981,False
2026-09-15T13:55:00Z,759.660000,759.680000,759.365000,759.510000,114934,False
2026-09-15T14:00:00Z,759.540600,759.540600,758.830000,758.830000,182477,False
2026-09-15T14:05:00Z,758.810500,759.070000,758.483300,758.520000,158529,False
2026-09-15T14:10:00Z,758.165000,758.165000,758.090000,758.120000,12592,False
2026-09-15T14:15:00Z,757.970000,758.430000,757.930000,758.210000,205451,False
2026-09-15T14:20:00Z,758.230000,758.340000,757.190000,757.635000,248466,False
2026-09-15T14:25:00Z,757.670000,757.740000,757.470000,757.540000,68508,False
2026-09-15T14:30:00Z,757.470000,757.650000,757.110000,757.330000,314962,False
2026-09-15T14:35:00Z,757.350000,757.600000,757.050000,757.140000,254393,False
2026-09-15T14:40:00Z,757.140000,757.230000,756.881600,757.200000,148553,False
2026-09-15T14:45:00Z,757.200000,757.370000,756.910000,756.910000,173906,False
2026-09-15T14:50:00Z,756.893200,757.020000,756.150000,756.560000,360098,False
2026-09-15T14:55:00Z,756.560000,756.860000,756.365000,756.440000,212732,False
2026-09-15T15:00:00Z,756.450000,757.190000,756.435000,757.190000,169161,False
2026-09-15T15:05:00Z,757.190000,757.270000,756.800000,756.860000,146438,False
2026-09-15T15:10:00Z,756.865000,757.045000,756.700000,756.980000,146116,False
2026-09-15T15:15:00Z,756.950000,757.360000,756.815000,757.250000,147188,False
2026-09-15T15:20:00Z,757.257500,757.500000,756.982800,757.449000,145382,False
2026-09-15T15:25:00Z,757.450000,757.490000,757.190000,757.480000,100894,False
2026-09-15T15:30:00Z,757.500000,757.550000,756.930000,757.310000,194360,False
2026-09-15T15:35:00Z,757.330000,757.505000,757.160000,757.290000,90921,False
2026-09-15T15:40:00Z,757.305000,757.750000,757.305000,757.520000,204247,False
2026-09-15T15:45:00Z,757.500000,757.570000,756.926000,757.000000,71357,False
2026-09-15T15:50:00Z,756.975000,757.570000,756.975000,757.110000,164951,False
2026-09-15T15:55:00Z,757.130000,757.700000,756.980000,757.115000,108584,False
2026-09-15T16:00:00Z,757.115000,757.355000,757.012300,757.330000,85411,False
2026-09-15T16:05:00Z,757.291000,757.310000,756.630000,756.740000,132815,False
2026-09-15T16:10:00Z,756.740000,756.850000,756.670000,756.785000,82112,False
2026-09-15T16:15:00Z,756.770000,757.090000,756.710000,757.080000,72623,False
2026-09-15T16:20:00Z,757.080000,757.690000,757.060000,757.655000,89645,False
2026-09-15T16:25:00Z,757.660000,757.870000,757.610000,757.750000,58191,False
2026-09-15T16:30:00Z,757.580000,757.820000,757.320000,757.670000,146314,False
2026-09-15T16:35:00Z,757.670000,757.730000,757.460000,757.550000,41676,False
2026-09-15T16:40:00Z,757.520000,757.680000,757.465000,757.608900,50542,False
2026-09-15T16:45:00Z,757.609900,757.730000,757.330000,757.460000,77659,False
2026-09-15T16:50:00Z,757.450000,758.010000,757.420000,757.975000,86548,False
2026-09-15T16:55:00Z,757.995000,758.060000,757.560000,757.740000,77493,False
2026-09-15T17:00:00Z,757.740000,757.850000,757.180000,757.180000,142422,False
2026-09-15T17:05:00Z,757.170000,757.450000,757.050000,757.230000,107245,False
2026-09-15T17:10:00Z,757.190000,757.530000,757.080000,757.085000,57377,False
2026-09-15T17:15:00Z,757.080100,757.110000,756.860000,757.000000,88047,False
2026-09-15T17:20:00Z,756.990000,757.060000,756.650000,756.650000,97361,False
2026-09-15T17:25:00Z,756.650000,756.910000,756.600000,756.875000,82590,False
2026-09-15T17:30:00Z,756.860000,757.190000,756.819900,757.020000,119469,False
2026-09-15T17:35:00Z,757.010000,757.170000,756.940000,757.070000,52506,False
2026-09-15T17:40:00Z,757.100000,757.245000,756.900000,757.130000,82591,False
2026-09-15T17:45:00Z,757.130000,757.270000,756.930000,756.980000,43198,False
2026-09-15T17:50:00Z,756.965000,757.270000,756.960000,757.270000,35760,False
2026-09-15T17:55:00Z,757.270000,757.400000,757.140000,757.270000,47127,False
2026-09-15T18:00:00Z,757.300000,757.519900,757.142600,757.490000,77809,False
2026-09-15T18:05:00Z,757.505000,757.690000,757.410000,757.670000,77267,False
2026-09-15T18:10:00Z,757.690000,757.935000,757.565000,757.765000,86192,False
2026-09-15T18:15:00Z,757.775000,757.830000,757.480000,757.556700,96784,False
2026-09-15T18:20:00Z,757.570000,757.651800,757.420000,757.479900,71291,False
2026-09-15T18:25:00Z,757.480000,757.690000,757.360000,757.670000,63282,False
2026-09-15T18:30:00Z,757.660000,757.660000,757.130000,757.220000,92986,False
2026-09-15T18:35:00Z,757.205000,757.320000,757.160000,757.240000,68958,False
2026-09-15T18:40:00Z,757.260000,757.600000,757.130000,757.190000,129038,False
2026-09-15T18:45:00Z,757.210000,757.215000,756.740000,756.845000,264271,False
2026-09-15T18:50:00Z,756.840000,757.150000,756.840000,757.090000,115234,False
2026-09-15T18:55:00Z,757.070000,757.490000,757.040000,757.490000,86464,False
2026-09-15T19:00:00Z,757.470000,757.620000,757.270000,757.339700,81687,False
2026-09-15T19:05:00Z,757.330000,757.400000,757.220000,757.330000,82975,False
2026-09-15T19:10:00Z,757.330000,757.360000,757.090000,757.170000,116131,False
2026-09-15T19:15:00Z,757.150000,757.290000,757.080000,757.210000,109317,False
2026-09-15T19:20:00Z,757.205100,757.230000,757.040000,757.100000,98379,False
2026-09-15T19:25:00Z,757.100000,757.140000,756.940000,756.985000,128746,False
2026-09-15T19:30:00Z,756.980000,757.070000,756.890000,756.920000,269242,False
2026-09-15T19:35:00Z,756.920000,756.920000,756.575000,756.660000,386808,False
2026-09-15T19:40:00Z,756.660000,756.805000,756.520000,756.715000,278938,False
2026-09-15T19:45:00Z,756.710000,757.000000,756.620000,756.960100,385399,False
2026-09-15T19:50:00Z,756.960000,757.000000,756.570000,756.985000,405814,False
2026-09-15T19:55:00Z,756.980000,757.460000,756.830000,757.380000,978978,False
2026-09-16T13:30:00Z,759.500000,759.690000,759.140000,759.210000,333440,False
2026-09-16T13:35:00Z,759.210000,759.490000,758.750000,758.790000,154547,False
2026-09-16T13:40:00Z,758.820000,759.139900,758.723000,758.790000,314500,False
2026-09-16T13:45:00Z,758.800000,759.929000,758.760000,759.890000,329934,False
2026-09-16T13:50:00Z,759.890000,760.430000,759.850000,760.237100,184866,False
2026-09-16T13:55:00Z,760.221000,760.400000,759.970000,760.200000,171791,False
2026-09-16T14:00:00Z,760.230000,760.420000,759.630000,759.685000,185312,False
2026-09-16T14:05:00Z,759.690000,759.840000,759.340300,759.670100,173779,False
2026-09-16T14:10:00Z,759.690000,759.780000,759.100000,759.550000,166649,False
2026-09-16T14:15:00Z,759.569900,759.715000,759.230000,759.270000,113269,False
2026-09-16T14:20:00Z,759.280000,759.350000,758.930000,758.955000,113140,False
2026-09-16T14:25:00Z,758.953300,759.020000,758.760000,758.960000,74266,False
2026-09-16T14:30:00Z,758.973800,759.215000,758.810000,759.160000,150071,False
2026-09-16T14:35:00Z,759.160000,759.495700,758.920000,759.370000,134352,False
2026-09-16T14:40:00Z,759.370000,759.860000,759.340000,759.840000,105472,False
2026-09-16T14:45:00Z,759.840000,759.950000,759.610000,759.620000,110321,False
2026-09-16T14:50:00Z,759.620000,759.880000,759.590000,759.680000,72975,False
2026-09-16T14:55:00Z,759.690000,760.250000,759.680000,760.210000,117412,False
2026-09-16T15:00:00Z,760.210000,760.610000,760.160000,760.530000,282288,False
2026-09-16T15:05:00Z,760.515000,761.030000,760.270000,760.910000,189259,False
2026-09-16T15:10:00Z,760.915000,761.000000,760.480500,760.740100,240254,False
2026-09-16T15:15:00Z,760.750000,760.790000,760.370000,760.605000,115742,False
2026-09-16T15:20:00Z,760.600000,760.630000,760.405000,760.540000,104449,False
2026-09-16T15:25:00Z,760.540000,760.820000,760.290000,760.330000,86132,False
2026-09-16T15:30:00Z,760.410000,760.460000,760.010000,760.130100,83776,False
2026-09-16T15:35:00Z,760.170000,760.550000,760.160000,760.390000,87544,False
2026-09-16T15:40:00Z,760.400000,760.600000,760.320000,760.565000,64106,False
2026-09-16T15:45:00Z,760.560000,761.650000,760.490000,761.050000,168656,False
2026-09-16T15:50:00Z,761.060000,761.100000,760.680000,760.790000,97603,False
2026-09-16T15:55:00Z,760.796300,760.860000,760.650000,760.690000,76586,False
2026-09-16T16:00:00Z,760.690000,760.740000,760.330000,760.342000,99553,False
2026-09-16T16:05:00Z,760.350000,760.510000,760.280100,760.480000,42617,False
2026-09-16T16:10:00Z,760.484000,760.520000,760.170000,760.370000,52186,False
2026-09-16T16:15:00Z,760.397300,760.475000,760.280000,760.330000,41017,False
2026-09-16T16:20:00Z,760.320000,760.320000,759.940000,759.980000,64346,False
2026-09-16T16:25:00Z,760.000000,760.180000,759.870000,760.140000,58015,False
2026-09-16T16:30:00Z,760.130000,760.220000,759.670000,759.690000,49802,False
2026-09-16T16:35:00Z,759.700000,759.940000,759.700000,759.900000,48704,False
2026-09-16T16:40:00Z,759.900000,760.020000,759.840000,759.903000,44490,False
2026-09-16T16:45:00Z,759.920000,760.190000,759.920000,760.100000,73252,False
2026-09-16T16:50:00Z,760.095000,760.150000,759.730000,759.890000,51228,False
2026-09-16T16:55:00Z,759.890500,760.010000,759.820000,759.890000,44694,False
2026-09-16T17:00:00Z,759.775000,759.785000,759.405000,759.470000,30788,False
2026-09-16T17:05:00Z,759.410000,759.590000,759.400000,759.570000,48881,False
2026-09-16T17:10:00Z,759.580000,759.810000,759.430000,759.735000,55922,False
2026-09-16T17:15:00Z,759.730000,759.840000,759.685000,759.750000,53535,False
2026-09-16T17:20:00Z,759.755000,759.920000,759.540000,759.635000,45658,False
2026-09-16T17:25:00Z,759.640000,759.940000,759.634600,759.930000,38522,False
2026-09-16T17:30:00Z,759.780000,759.820000,759.770000,759.785000,1416,False
2026-09-16T17:35:00Z,759.800000,759.890000,759.635000,759.635000,52297,False
2026-09-16T17:40:00Z,759.630100,759.640000,759.315000,759.340000,90760,False
2026-09-16T17:45:00Z,759.340000,759.760000,759.340000,759.550000,90900,False
2026-09-16T17:50:00Z,759.580000,759.860000,759.500000,759.790000,93871,False
2026-09-16T17:55:00Z,759.780000,760.260000,759.660000,760.230000,120783,False
2026-09-16T18:00:00Z,760.181600,760.978900,758.775000,760.190000,1020307,False
2026-09-16T18:05:00Z,760.220000,761.210000,760.130000,760.667700,406363,False
2026-09-16T18:10:00Z,760.690000,760.847900,759.810000,759.941000,282937,False
2026-09-16T18:15:00Z,760.000000,760.360000,759.660000,759.955000,131377,False
2026-09-16T18:20:00Z,759.940000,760.300000,759.610000,759.850000,91294,False
2026-09-16T18:25:00Z,759.845000,759.985000,758.785000,759.680000,271471,False
2026-09-16T18:30:00Z,759.640000,759.890000,757.550000,757.650000,498291,False
2026-09-16T18:35:00Z,757.640000,758.030000,756.050000,757.890100,962512,False
2026-09-16T18:40:00Z,757.890000,760.210000,757.800000,759.000000,569566,False
2026-09-16T18:45:00Z,758.990000,759.546000,757.430000,757.559900,319030,False
2026-09-16T18:50:00Z,757.585000,757.830000,755.100000,755.150000,556931,False
2026-09-16T18:55:00Z,755.160000,755.760000,753.760000,753.890000,788675,False
2026-09-16T19:00:00Z,753.900000,755.360000,753.750000,754.755000,860939,False
2026-09-16T19:05:00Z,754.745200,754.770000,752.980000,753.209900,478868,False
2026-09-16T19:10:00Z,753.200000,753.340000,751.140000,751.310000,948654,False
2026-09-16T19:15:00Z,751.335000,752.120000,750.490000,750.940000,853649,False
2026-09-16T19:20:00Z,750.930000,751.340000,750.130000,750.680000,947080,False
2026-09-16T19:25:00Z,750.690000,751.310000,749.600000,751.260000,914483,False
2026-09-16T19:30:00Z,751.240000,752.620000,751.110000,752.560000,850418,False
2026-09-16T19:35:00Z,752.560000,752.650000,751.470000,752.425000,507316,False
2026-09-16T19:40:00Z,752.420000,752.820000,751.775000,752.110000,558510,False
2026-09-16T19:45:00Z,752.090000,753.650000,752.060000,753.460000,793959,False
2026-09-16T19:50:00Z,753.789000,753.868900,753.570000,753.850000,95872,False
2026-09-16T19:55:00Z,754.060000,754.365000,753.755000,754.090000,1371239,False
2026-09-17T13:30:00Z,763.160000,763.410000,761.380000,761.390000,914711,False
2026-09-17T13:35:00Z,761.370000,761.550000,761.010000,761.125000,463772,False
2026-09-17T13:40:00Z,761.125000,761.250000,760.620000,760.930000,266339,False
2026-09-17T13:45:00Z,760.940000,761.480000,760.730000,761.390000,357051,False
2026-09-17T13:50:00Z,761.390000,761.740000,761.040000,761.040000,276334,False
2026-09-17T13:55:00Z,761.060000,761.269500,760.760000,761.250000,144780,False
2026-09-17T14:00:00Z,761.250000,761.250000,760.280000,760.600100,228982,False
2026-09-17T14:05:00Z,760.620000,760.649900,759.960000,760.250000,184051,False
2026-09-17T14:10:00Z,760.220000,761.190000,760.100000,761.140000,304425,False
2026-09-17T14:15:00Z,761.350000,761.480000,761.250000,761.480000,31900,False
2026-09-17T14:20:00Z,761.480000,762.040000,761.270000,761.907600,224362,False
2026-09-17T14:25:00Z,761.970000,762.270000,761.650000,761.675000,301371,False
2026-09-17T14:30:00Z,761.670800,762.040000,761.550000,762.019900,190818,False
2026-09-17T14:35:00Z,762.000000,762.060000,761.660000,761.670000,136166,False
2026-09-17T14:40:00Z,761.660000,762.215000,761.650000,761.889900,147317,False
2026-09-17T14:45:00Z,761.890000,761.930000,761.070000,761.260000,195066,False
2026-09-17T14:50:00Z,761.240000,761.280000,760.530000,760.610000,178139,False
2026-09-17T14:55:00Z,760.618300,761.110000,760.440000,760.790000,195633,False
2026-09-17T15:00:00Z,760.790000,761.000000,760.580000,760.620000,118859,False
2026-09-17T15:05:00Z,760.620000,760.870000,760.360000,760.760000,149817,False
2026-09-17T15:10:00Z,760.740000,761.240000,760.650000,761.140000,81576,False
2026-09-17T15:15:00Z,761.150000,761.500000,760.935000,761.445000,117986,False
2026-09-17T15:20:00Z,761.450000,761.460000,761.070000,761.290000,88674,False
2026-09-17T15:25:00Z,761.290000,761.730000,761.290000,761.580000,85818,False
2026-09-17T15:30:00Z,761.570000,761.790000,761.485000,761.720000,99978,False
2026-09-17T15:35:00Z,761.750000,762.030000,761.700000,762.019900,103697,False
2026-09-17T15:40:00Z,762.010000,762.520000,762.000000,762.260000,132369,False
2026-09-17T15:45:00Z,762.265000,762.420000,762.190000,762.340000,112062,False
2026-09-17T15:50:00Z,762.370000,762.456200,762.090000,762.380000,112611,False
2026-09-17T15:55:00Z,762.370000,762.550000,762.070000,762.540000,75821,False
2026-09-17T16:00:00Z,762.550000,762.620000,762.341700,762.341700,59101,False
2026-09-17T16:05:00Z,762.340000,762.518300,762.055000,762.480000,151070,False
2026-09-17T16:10:00Z,762.480000,762.510000,762.150000,762.300000,83592,False
2026-09-17T16:15:00Z,762.290000,762.400000,762.200000,762.310000,81950,False
2026-09-17T16:20:00Z,762.300000,762.570000,762.240000,762.490000,72531,False
2026-09-17T16:25:00Z,762.480000,762.630000,762.404700,762.530000,59252,False
2026-09-17T16:30:00Z,762.510000,762.652400,761.980000,762.090000,97959,False
2026-09-17T16:35:00Z,762.100000,762.300000,762.010000,762.150000,86269,False
2026-09-17T16:40:00Z,762.190000,762.620000,762.100000,762.615000,81398,False
2026-09-17T16:45:00Z,762.620000,762.660000,762.410000,762.450000,67770,False
2026-09-17T16:50:00Z,762.450000,762.540100,762.380000,762.410000,67289,False
2026-09-17T16:55:00Z,762.380000,762.460000,761.610000,762.455000,174143,False
2026-09-17T17:00:00Z,762.455000,762.734100,762.310100,762.640000,75373,False
2026-09-17T17:05:00Z,762.770000,762.780000,762.745000,762.750000,3408,False
2026-09-17T17:10:00Z,762.390000,762.430000,762.180000,762.230000,68887,False
2026-09-17T17:15:00Z,762.245000,762.330000,762.110000,762.180000,81818,False
2026-09-17T17:20:00Z,762.180000,762.240000,761.890000,761.890000,87384,False
2026-09-17T17:25:00Z,761.910000,762.100000,761.829500,762.035000,66996,False
2026-09-17T17:30:00Z,762.070000,762.310000,761.910000,762.310000,69886,False
2026-09-17T17:35:00Z,762.310000,762.380000,762.170000,762.270000,51143,False
2026-09-17T17:40:00Z,762.240000,762.470000,762.240000,762.430000,67076,False
2026-09-17T17:45:00Z,762.406400,762.640000,762.380000,762.460000,53085,False
2026-09-17T17:50:00Z,762.450000,762.450000,762.290000,762.375000,70046,False
2026-09-17T17:55:00Z,762.375000,762.639000,762.375000,762.630000,110231,False
2026-09-17T18:00:00Z,762.620000,762.810000,762.530000,762.760900,200928,False
2026-09-17T18:05:00Z,762.760000,762.850000,762.430000,762.520000,136625,False
2026-09-17T18:10:00Z,762.515000,762.800000,762.459900,762.720000,135775,False
2026-09-17T18:15:00Z,762.740000,762.950000,762.620000,762.870000,124325,False
2026-09-17T18:20:00Z,762.870000,762.920000,762.550000,762.590000,186403,False
2026-09-17T18:25:00Z,762.570000,762.810000,762.510000,762.730000,74887,False
2026-09-17T18:30:00Z,762.740000,762.850000,762.470000,762.480000,113293,False
2026-09-17T18:35:00Z,762.470000,762.510000,762.180000,762.210000,174592,False
2026-09-17T18:40:00Z,762.205000,762.390400,762.140000,762.350000,104295,False
2026-09-17T18:45:00Z,762.360000,762.640000,762.290000,762.465000,154157,False
2026-09-17T18:50:00Z,762.465000,762.520000,762.190000,762.320000,141410,False
2026-09-17T18:55:00Z,762.310500,762.360000,762.290000,762.350000,8321,False
2026-09-17T19:00:00Z,762.455000,762.870000,762.445000,762.860000,133786,False
2026-09-17T19:05:00Z,762.860000,763.060000,762.750000,762.785000,152143,False
2026-09-17T19:10:00Z,762.785000,762.900000,762.720000,762.770000,125073,False
2026-09-17T19:15:00Z,762.760000,762.940000,762.670000,762.900000,218133,False
2026-09-17T19:20:00Z,762.905000,762.910000,762.610000,762.640000,222223,False
2026-09-17T19:25:00Z,762.620000,762.770000,762.550000,762.609900,216009,False
2026-09-17T19:30:00Z,762.600000,762.940000,762.600000,762.830000,231667,False
2026-09-17T19:35:00Z,762.840000,763.080000,762.820000,762.990000,309030,False
2026-09-17T19:40:00Z,762.980000,763.150000,762.750000,763.120000,437236,False
2026-09-17T19:45:00Z,763.110000,763.130000,762.770000,762.810000,438326,False
2026-09-17T19:50:00Z,762.830000,763.570000,762.774100,763.145000,782518,False
2026-09-17T19:55:00Z,763.120000,763.270000,762.430000,762.640000,1185269,False
2026-09-18T13:30:00Z,761.310000,761.760000,760.950000,761.105000,729651,False
2026-09-18T13:35:00Z,761.060000,761.180000,760.590000,760.910100,592243,False
2026-09-18T13:40:00Z,760.900000,761.420000,760.750000,760.905000,338208,False
2026-09-18T13:45:00Z,760.920000,761.150000,760.470000,760.500000,300138,False
2026-09-18T13:50:00Z,760.480000,760.530000,759.900000,759.925000,257926,False
2026-09-18T13:55:00Z,759.925000,760.120000,759.560000,759.710000,347985,False
2026-09-18T14:00:00Z,759.710000,759.935000,758.970000,759.100000,426124,False
2026-09-18T14:05:00Z,759.080000,759.440000,758.850000,759.424600,323485,False
2026-09-18T14:10:00Z,759.420000,759.910000,759.180000,759.210000,271469,False
2026-09-18T14:15:00Z,759.219400,759.370000,758.750000,759.369300,281339,False
2026-09-18T14:20:00Z,759.350000,759.620000,759.110000,759.170000,224016,False
2026-09-18T14:25:00Z,759.180000,759.645000,759.080000,759.339900,185974,False
2026-09-18T14:30:00Z,759.360000,759.425000,759.070000,759.225000,124570,False
2026-09-18T14:35:00Z,759.235000,759.760000,758.980000,759.515000,157329,False
2026-09-18T14:40:00Z,759.490000,759.520000,758.850000,759.005000,273046,False
2026-09-18T14:45:00Z,759.000000,759.520000,758.870000,759.430000,240075,False
2026-09-18T14:50:00Z,759.460000,759.960000,759.320000,759.820000,235461,False
2026-09-18T14:55:00Z,759.840000,759.950000,759.620000,759.930000,201105,False
2026-09-18T15:00:00Z,759.950000,760.000000,759.420000,759.680000,120478,False
2026-09-18T15:05:00Z,759.680000,760.040900,759.630000,759.750000,89997,False
2026-09-18T15:10:00Z,759.760000,759.940000,759.500000,759.560000,140976,False
2026-09-18T15:15:00Z,759.560000,759.800000,759.450000,759.770000,146566,False
2026-09-18T15:20:00Z,759.760000,759.875000,759.640000,759.810000,87753,False
2026-09-18T15:25:00Z,759.800000,760.059900,759.770000,759.980000,90675,False
2026-09-18T15:30:00Z,759.970000,760.070000,759.500000,759.780000,146912,False
2026-09-18T15:35:00Z,759.785000,759.830000,759.710000,759.730000,22756,False
2026-09-18T15:40:00Z,759.270000,759.370000,759.110000,759.295000,114511,False
2026-09-18T15:45:00Z,759.330000,759.389900,759.090000,759.140000,138741,False
2026-09-18T15:50:00Z,759.150000,759.320000,758.900000,758.950000,85073,False
2026-09-18T15:55:00Z,758.960000,759.199900,758.850000,759.000000,118310,False
2026-09-18T16:00:00Z,758.990000,759.010000,758.690000,758.840000,82165,False
2026-09-18T16:05:00Z,758.840000,759.227600,758.790000,759.145000,94465,False
2026-09-18T16:10:00Z,759.150000,759.200000,758.950000,759.020000,83882,False
2026-09-18T16:15:00Z,759.030000,759.173900,758.880000,759.090000,63464,False
2026-09-18T16:20:00Z,759.090000,759.100000,758.210000,758.269900,93449,False
2026-09-18T16:25:00Z,758.250000,758.915000,757.971000,758.760000,186881,False
2026-09-18T16:30:00Z,758.760000,759.300000,758.570000,759.110000,110661,False
2026-09-18T16:35:00Z,759.160000,759.250000,758.820000,758.960000,71713,False
2026-09-18T16:40:00Z,758.970000,759.270000,758.840500,759.085000,53874,False
2026-09-18T16:45:00Z,759.090000,759.190000,758.780000,759.170000,55116,False
2026-09-18T16:50:00Z,759.160000,759.520000,759.150000,759.470000,104369,False
2026-09-18T16:55:00Z,759.460000,759.540000,759.320000,759.399500,64513,False
2026-09-18T17:00:00Z,759.395000,759.440000,759.180000,759.360000,38077,False
2026-09-18T17:05:00Z,759.355000,759.529900,759.270000,759.310000,50883,False
2026-09-18T17:10:00Z,759.320000,759.330100,759.025000,759.310000,99744,False
2026-09-18T17:15:00Z,759.310000,759.470000,759.260000,759.350000,45667,False
2026-09-18T17:20:00Z,759.370000,759.509500,759.270000,759.509500,65548,False
2026-09-18T17:25:00Z,759.490000,759.570000,759.370000,759.400000,26877,False
2026-09-18T17:30:00Z,759.405000,759.460000,759.230000,759.420000,80364,False
2026-09-18T17:35:00Z,759.430000,759.750000,759.430000,759.710000,104839,False
2026-09-18T17:40:00Z,759.698000,759.780000,759.560100,759.770000,71448,False
2026-09-18T17:45:00Z,759.780000,759.800000,759.620000,759.650000,87871,False
2026-09-18T17:50:00Z,759.650000,759.855800,759.650000,759.795000,60400,False
2026-09-18T17:55:00Z,759.791000,759.890000,759.720000,759.830000,63123,False
2026-09-18T18:00:00Z,759.830000,759.965000,759.680000,759.890900,124741,False
2026-09-18T18:05:00Z,759.895000,759.940000,759.740000,759.790000,104670,False
2026-09-18T18:10:00Z,759.800000,759.890000,759.660000,759.813200,68351,False
2026-09-18T18:15:00Z,759.790000,760.100000,759.790000,760.099900,68333,False
2026-09-18T18:20:00Z,760.090500,760.610000,760.080000,760.325000,284486,False
2026-09-18T18:25:00Z,760.325000,760.470000,760.210600,760.470000,98778,False
2026-09-18T18:30:00Z,760.482000,760.500000,760.260000,760.495000,86498,False
2026-09-18T18:35:00Z,760.511000,760.525000,760.233800,760.360000,128477,False
2026-09-18T18:40:00Z,760.360000,760.545000,760.285000,760.536200,53547,False
2026-09-18T18:45:00Z,760.550000,761.479900,760.550000,761.270000,293516,False
2026-09-18T18:50:00Z,761.290000,761.830000,761.190000,761.485000,233775,False
2026-09-18T18:55:00Z,761.487500,761.500000,761.170000,761.230000,122967,False
2026-09-18T19:00:00Z,761.260000,761.440000,761.100000,761.330000,100612,False
2026-09-18T19:05:00Z,761.330000,761.470000,761.090000,761.210000,107908,False
2026-09-18T19:10:00Z,761.220000,761.390000,761.060000,761.180000,200973,False
2026-09-18T19:15:00Z,761.200000,761.235000,761.020100,761.170000,144296,False
2026-09-18T19:20:00Z,761.170000,761.270000,761.019700,761.080000,159213,False
2026-09-18T19:25:00Z,761.070000,761.130000,760.835000,760.860000,122397,False
2026-09-18T19:30:00Z,760.870000,760.920000,760.690000,760.700000,175396,False
2026-09-18T19:35:00Z,760.720000,761.220000,760.680000,761.179900,194133,False
2026-09-18T19:40:00Z,761.175000,761.440000,761.041000,761.430000,311539,False
2026-09-18T19:45:00Z,761.420000,761.660000,761.300000,761.650000,423239,False
2026-09-18T19:50:00Z,761.640000,761.770000,761.180000,761.410000,732655,False
2026-09-18T19:55:00Z,761.410000,762.000000,761.390000,761.640000,1418203,False
2026-09-21T13:30:00Z,766.310000,766.650000,766.030000,766.435000,689370,False
2026-09-21T13:35:00Z,766.430000,766.730000,766.360000,766.665000,381347,False
2026-09-21T13:40:00Z,766.670100,766.855000,766.480000,766.855000,171041,False
2026-09-21T13:45:00Z,766.880000,767.145000,766.820100,767.000000,283761,False
2026-09-21T13:50:00Z,767.000100,767.549900,766.970000,767.520000,267164,False
2026-09-21T13:55:00Z,767.495000,767.720000,767.270000,767.690000,197802,False
2026-09-21T14:00:00Z,767.685000,767.810000,767.450000,767.480000,181291,False
2026-09-21T14:05:00Z,767.480100,767.510000,767.050000,767.370000,161602,False
2026-09-21T14:10:00Z,767.385000,767.920000,767.385000,767.780000,194686,False
2026-09-21T14:15:00Z,767.800000,768.485000,767.800000,768.420000,300313,False
2026-09-21T14:20:00Z,768.430000,769.148300,768.270000,769.020000,351118,False
2026-09-21T14:25:00Z,769.030000,769.290000,768.940000,769.033300,357037,False
2026-09-21T14:30:00Z,769.015000,769.360000,768.880000,769.170000,435291,False
2026-09-21T14:35:00Z,769.160000,769.550000,769.140000,769.270000,246715,False
2026-09-21T14:40:00Z,769.280000,769.520000,768.880000,768.990000,285584,False
2026-09-21T14:45:00Z,768.990000,769.310000,768.740000,768.995000,288827,False
2026-09-21T14:50:00Z,768.990000,769.220000,768.870000,769.170000,198835,False
2026-09-21T14:55:00Z,769.190000,769.440000,768.990000,769.210000,266393,False
2026-09-21T15:00:00Z,769.215000,769.540000,769.115000,769.530000,156959,False
2026-09-21T15:05:00Z,769.530000,769.630000,769.350000,769.550000,123366,False
2026-09-21T15:10:00Z,769.560000,769.820000,769.400000,769.800000,131448,False
2026-09-21T15:15:00Z,769.810000,770.180000,769.810000,770.150000,149215,False
2026-09-21T15:20:00Z,770.150000,770.170000,769.890000,769.935000,156327,False
2026-09-21T15:25:00Z,769.930000,770.080000,769.820000,769.860000,111096,False
2026-09-21T15:30:00Z,769.870000,770.030000,769.820000,769.863800,95547,False
2026-09-21T15:35:00Z,769.880000,770.560000,769.870000,770.490000,168027,False
2026-09-21T15:40:00Z,770.500000,770.720000,770.350000,770.710000,125986,False
2026-09-21T15:45:00Z,770.720000,771.190000,770.720000,770.965000,251075,False
2026-09-21T15:50:00Z,770.960000,771.360000,770.670000,770.680000,214769,False
2026-09-21T15:55:00Z,770.690000,770.790000,770.535000,770.740000,200802,False
2026-09-21T16:00:00Z,770.735000,771.100000,770.519000,771.045000,89096,False
2026-09-21T16:05:00Z,771.060000,771.710000,770.869900,771.650900,185695,False
2026-09-21T16:10:00Z,771.670000,771.840000,771.430000,771.550000,157074,False
2026-09-21T16:15:00Z,771.650000,771.670000,771.649900,771.660000,2936,False
2026-09-21T16:20:00Z,771.609900,771.720000,771.449900,771.655000,123219,False
2026-09-21T16:25:00Z,771.660000,772.040000,771.610000,771.820000,133290,False
2026-09-21T16:30:00Z,771.840000,772.650000,771.810000,772.410000,203440,False
2026-09-21T16:35:00Z,772.415000,772.536100,771.880100,771.890000,190352,False
2026-09-21T16:40:00Z,771.890000,772.159900,771.800000,772.000000,192802,False
2026-09-21T16:45:00Z,772.005000,772.310100,772.000000,772.230000,106728,False
2026-09-21T16:50:00Z,772.250000,772.340000,771.980000,772.155000,90945,False
2026-09-21T16:55:00Z,772.160000,772.335000,772.050000,772.320000,90476,False
2026-09-21T17:00:00Z,772.340000,772.495000,772.190000,772.265000,92985,False
2026-09-21T17:05:00Z,772.270000,772.520000,772.270000,772.380000,89710,False
2026-09-21T17:10:00Z,772.400000,772.900000,772.355000,772.820000,110634,False
2026-09-21T17:15:00Z,772.820000,772.970000,772.620000,772.840000,156149,False
2026-09-21T17:20:00Z,772.860000,772.975000,772.520000,772.590000,133143,False
2026-09-21T17:25:00Z,772.600000,772.800000,772.420000,772.800000,203125,False
2026-09-21T17:30:00Z,772.820000,772.840000,772.320000,772.365000,136206,False
2026-09-21T17:35:00Z,772.365000,772.540000,772.250000,772.290000,131843,False
2026-09-21T17:40:00Z,772.290000,772.910000,772.240000,772.880000,120636,False
2026-09-21T17:45:00Z,772.880000,773.170000,772.720000,772.790000,154621,False
2026-09-21T17:50:00Z,772.790000,773.040000,772.750000,772.940000,73796,False
2026-09-21T17:55:00Z,772.930000,772.970000,772.735000,772.895000,143320,False
2026-09-21T18:00:00Z,772.910000,773.200000,772.910000,773.185000,141164,False
2026-09-21T18:05:00Z,773.200000,773.360000,773.131100,773.180000,151017,False
2026-09-21T18:10:00Z,773.180000,773.400000,773.095000,773.265000,187649,False
2026-09-21T18:15:00Z,773.270100,773.420000,773.170000,773.330000,128115,False
2026-09-21T18:20:00Z,773.330000,773.845000,773.300000,773.820000,145953,False
2026-09-21T18:25:00Z,773.820000,773.990000,773.720000,773.855000,161923,False
2026-09-21T18:30:00Z,773.860000,773.980000,773.585000,773.720000,200435,False
2026-09-21T18:35:00Z,773.730000,773.940000,773.600000,773.910000,123287,False
2026-09-21T18:40:00Z,773.920000,774.140000,773.860000,774.120000,238395,False
2026-09-21T18:45:00Z,774.140000,774.350000,774.120000,774.139900,60513,False
2026-09-21T18:50:00Z,774.345000,774.620000,774.310000,774.450000,192773,False
2026-09-21T18:55:00Z,774.460000,774.540000,774.180000,774.295000,186788,False
2026-09-21T19:00:00Z,774.310000,774.480000,774.170000,774.170000,151131,False
2026-09-21T19:05:00Z,774.160000,774.210000,773.990000,774.200000,213563,False
2026-09-21T19:10:00Z,774.190000,774.465000,773.965000,774.465000,233967,False
2026-09-21T19:15:00Z,774.450000,774.465000,774.250000,774.370000,280912,False
2026-09-21T19:20:00Z,774.365000,774.390000,774.085000,774.100000,220890,False
2026-09-21T19:25:00Z,774.110000,774.320000,774.020000,774.100000,277510,False
2026-09-21T19:30:00Z,774.100000,774.550000,774.060000,774.480000,472636,False
2026-09-21T19:35:00Z,774.485000,774.890000,774.420000,774.779900,464823,False
2026-09-21T19:40:00Z,774.770000,774.830000,774.290000,774.455000,381762,False
2026-09-21T19:45:00Z,774.450000,774.550000,774.100000,774.220000,460844,False
2026-09-21T19:50:00Z,774.210000,774.210000,773.690000,773.700000,728850,False
2026-09-21T19:55:00Z,773.720000,773.920000,773.410000,773.530000,866716,False
2026-09-22T13:30:00Z,774.010000,775.020000,773.890000,774.800000,352301,False
2026-09-22T13:35:00Z,774.810000,775.140000,774.640000,774.960000,289232,False
2026-09-22T13:40:00Z,774.960000,774.960000,774.400000,774.610000,220010,False
2026-09-22T13:45:00Z,774.600000,774.620000,773.880000,774.295000,209891,False
2026-09-22T13:50:00Z,774.271700,774.420000,773.990000,774.080000,169862,False
2026-09-22T13:55:00Z,774.067300,774.100000,773.650000,773.810000,179750,False
2026-09-22T14:00:00Z,773.825000,774.240000,773.770000,774.060100,148934,False
2026-09-22T14:05:00Z,774.080000,774.170000,773.770000,773.770100,104871,False
2026-09-22T14:10:00Z,773.790000,774.910000,773.790000,774.350400,231228,False
2026-09-22T14:15:00Z,774.340000,774.450000,773.550000,773.830000,207146,False
2026-09-22T14:20:00Z,773.820600,773.965000,773.600000,773.750000,129460,False
2026-09-22T14:25:00Z,773.730000,773.860000,773.500000,773.539900,141334,False
2026-09-22T14:30:00Z,773.530000,774.060000,773.500000,773.730000,113926,False
2026-09-22T14:35:00Z,773.725000,774.360000,773.270000,773.517100,187424,False
2026-09-22T14:40:00Z,773.500000,773.550000,773.005000,773.270000,262093,False
2026-09-22T14:45:00Z,773.260000,773.698000,772.970000,773.697500,193339,False
2026-09-22T14:50:00Z,773.678700,773.870000,773.300000,773.540000,76107,False
2026-09-22T14:55:00Z,773.540000,773.740000,773.260000,773.420000,59705,False
2026-09-22T15:00:00Z,773.380000,773.690000,773.320000,773.500000,72010,False
2026-09-22T15:05:00Z,773.480000,773.780000,773.336400,773.370000,101596,False
2026-09-22T15:10:00Z,773.365000,773.600000,773.180000,773.559900,97792,False
2026-09-22T15:15:00Z,773.561500,773.710000,773.410000,773.540000,82131,False
2026-09-22T15:20:00Z,773.520000,773.650000,773.390000,773.510000,67882,False
2026-09-22T15:25:00Z,773.480000,773.710000,773.290000,773.350000,52874,False
2026-09-22T15:30:00Z,773.340000,773.340000,772.910000,772.980000,116048,False
2026-09-22T15:35:00Z,772.980000,773.010000,772.650000,772.759900,160987,False
2026-09-22T15:40:00Z,772.706100,772.910000,772.590000,772.830000,136672,False
2026-09-22T15:45:00Z,772.840000,773.100000,772.760000,772.940000,142300,False
2026-09-22T15:50:00Z,772.900000,772.987700,772.790000,772.820000,70254,False
2026-09-22T15:55:00Z,772.815000,773.050000,772.650000,773.035000,68227,False
2026-09-22T16:00:00Z,773.035000,773.235000,772.875000,773.030000,70830,False
2026-09-22T16:05:00Z,773.010000,773.398300,772.881000,773.270000,103017,False
2026-09-22T16:10:00Z,773.270000,773.380000,773.180000,773.360000,66415,False
2026-09-22T16:15:00Z,773.340000,773.340000,773.030000,773.060000,62068,False
2026-09-22T16:20:00Z,773.064600,773.210000,772.740000,772.760000,95421,False
2026-09-22T16:25:00Z,772.750100,772.940000,772.690000,772.920000,60577,False
2026-09-22T16:30:00Z,772.910000,773.250000,772.880000,773.220000,51155,False
2026-09-22T16:35:00Z,773.245000,773.245000,772.840000,773.040000,55023,False
2026-09-22T16:40:00Z,773.030000,773.060000,772.790000,773.050000,44335,False
2026-09-22T16:45:00Z,773.060000,773.710000,773.030000,773.650000,128485,False
2026-09-22T16:50:00Z,773.640000,773.720000,773.450000,773.530000,82430,False
2026-09-22T16:55:00Z,773.527500,773.630000,773.370000,773.580000,59266,False
2026-09-22T17:00:00Z,773.575000,773.640000,773.330000,773.330000,44445,False
2026-09-22T17:05:00Z,773.340000,773.650000,773.255000,773.370000,41830,False
2026-09-22T17:10:00Z,773.380000,773.450000,773.230000,773.290000,38528,False
2026-09-22T17:15:00Z,773.310000,773.340000,773.170000,773.250000,47434,False
2026-09-22T17:20:00Z,773.270000,773.270000,773.090000,773.200000,84852,False
2026-09-22T17:25:00Z,773.200000,773.580000,773.160000,773.580000,45146,False
2026-09-22T17:30:00Z,773.550000,773.577000,773.310000,773.365000,55544,False
2026-09-22T17:35:00Z,773.360000,773.400000,773.180000,773.200000,49503,False
2026-09-22T17:40:00Z,773.200000,773.500000,773.100000,773.495000,61872,False
2026-09-22T17:45:00Z,773.500000,773.590000,773.350000,773.467500,32837,False
2026-09-22T17:50:00Z,773.460000,774.250000,773.360000,774.110000,216255,False
2026-09-22T17:55:00Z,774.100000,774.230000,773.970000,774.100000,107582,False
2026-09-22T18:00:00Z,774.120000,774.190000,773.720000,773.920000,142627,False
2026-09-22T18:05:00Z,773.920000,774.130000,773.870000,774.120000,69103,False
2026-09-22T18:10:00Z,774.115000,774.160000,773.900000,773.950000,81936,False
2026-09-22T18:15:00Z,773.950000,774.110000,773.940000,774.070000,214060,False
2026-09-22T18:20:00Z,774.055000,774.410000,774.040000,774.262900,132187,False
2026-09-22T18:25:00Z,774.280000,774.340000,774.120000,774.135000,81648,False
2026-09-22T18:30:00Z,774.140000,774.250000,774.010000,774.030000,117614,False
2026-09-22T18:35:00Z,774.070000,774.080000,773.720000,773.840000,108055,False
2026-09-22T18:40:00Z,773.900000,774.200000,773.760000,774.120000,108655,False
2026-09-22T18:45:00Z,774.130000,774.210000,774.070000,774.160000,83305,False
2026-09-22T18:50:00Z,774.150000,774.180000,774.030000,774.070000,69825,False
2026-09-22T18:55:00Z,774.065000,774.070000,773.680000,773.760000,97920,False
2026-09-22T19:00:00Z,773.830000,773.900000,773.720000,773.900000,42256,False
2026-09-22T19:05:00Z,773.950000,773.970000,773.910000,773.940000,2782,False
2026-09-22T19:10:00Z,773.980000,774.110000,773.940000,774.035000,116238,False
2026-09-22T19:15:00Z,774.090000,774.140000,774.080000,774.125000,1791,False
2026-09-22T19:20:00Z,774.280000,774.320000,774.100000,774.220000,177868,False
2026-09-22T19:25:00Z,774.230000,774.490000,774.210000,774.390000,141428,False
2026-09-22T19:30:00Z,774.375000,774.580000,774.310000,774.525000,87014,False
2026-09-22T19:35:00Z,774.860000,774.930000,774.700000,774.820000,415795,False
2026-09-22T19:40:00Z,774.295000,774.390000,774.290000,774.390000,35376,False
2026-09-22T19:45:00Z,774.480000,774.750000,774.470000,774.735000,219282,False
2026-09-22T19:50:00Z,774.730000,774.890000,774.410000,774.850000,190884,False
2026-09-22T19:55:00Z,774.360000,774.360000,773.298000,773.400000,641628,False
2026-09-23T13:30:00Z,772.780000,773.020000,772.440000,772.440000,235434,False
2026-09-23T13:35:00Z,772.420000,772.439900,772.040000,772.160000,194305,False
2026-09-23T13:40:00Z,772.150000,772.239900,771.890000,771.915000,143345,False
2026-09-23T13:45:00Z,771.900000,771.970000,771.000000,771.150000,216303,False
2026-09-23T13:50:00Z,771.110000,771.300000,770.690000,770.750000,254731,False
2026-09-23T13:55:00Z,770.740000,770.910000,770.460000,770.670000,300195,False
2026-09-23T14:00:00Z,770.680000,771.040000,770.360000,770.470000,217741,False
2026-09-23T14:05:00Z,770.490000,770.575300,769.920000,769.995000,246165,False
2026-09-23T14:10:00Z,770.010000,770.100000,769.279900,769.610000,407890,False
2026-09-23T14:15:00Z,769.600000,769.899200,769.100000,769.139900,261407,False
2026-09-23T14:20:00Z,768.640000,768.784000,768.530000,768.560000,64687,False
2026-09-23T14:25:00Z,768.860000,769.010000,768.370000,768.860000,369026,False
2026-09-23T14:30:00Z,768.860000,769.500000,768.825000,769.405000,357705,False
2026-09-23T14:35:00Z,769.403900,769.860000,768.860000,768.860000,320970,False
2026-09-23T14:40:00Z,768.860000,769.335000,768.680000,769.190000,286599,False
2026-09-23T14:45:00Z,769.170000,769.345000,769.040000,769.240000,174272,False
2026-09-23T14:50:00Z,769.230000,770.600000,768.857700,770.380000,402306,False
2026-09-23T14:55:00Z,770.360000,770.490000,769.850000,770.240000,204505,False
2026-09-23T15:00:00Z,770.250000,770.270000,769.575000,769.827600,204393,False
2026-09-23T15:05:00Z,769.830000,770.020000,769.580000,769.930000,80157,False
2026-09-23T15:10:00Z,769.950000,770.010000,769.590000,769.640000,75231,False
2026-09-23T15:15:00Z,769.640000,769.825000,769.320000,769.640000,79252,False
2026-09-23T15:20:00Z,769.603000,769.960000,769.470000,769.880000,69764,False
2026-09-23T15:25:00Z,769.875000,769.990000,768.945000,769.010000,116845,False
2026-09-23T15:30:00Z,769.020000,769.100000,768.830000,768.950000,121787,False
2026-09-23T15:35:00Z,768.920000,769.080000,768.770000,768.940000,154827,False
2026-09-23T15:40:00Z,768.940000,769.270000,768.670000,769.195000,190590,False
2026-09-23T15:45:00Z,769.190000,769.250000,768.450000,768.510100,132701,False
2026-09-23T15:50:00Z,768.500000,768.716900,768.230000,768.716900,208966,False
2026-09-23T15:55:00Z,768.720500,768.860000,768.534200,768.635000,95415,False
2026-09-23T16:00:00Z,768.580000,768.589500,768.412300,768.505000,10688,False
2026-09-23T16:05:00Z,768.410000,768.665000,768.280100,768.490000,99471,False
2026-09-23T16:10:00Z,768.490000,768.700000,768.410000,768.620000,80270,False
2026-09-23T16:15:00Z,768.580000,768.730000,768.160000,768.375000,130935,False
2026-09-23T16:20:00Z,768.370000,768.409900,768.140000,768.380000,85921,False
2026-09-23T16:25:00Z,768.380000,768.480000,768.231600,768.420000,142763,False
2026-09-23T16:30:00Z,768.410000,768.730000,768.380000,768.430000,136032,False
2026-09-23T16:35:00Z,768.420000,768.530000,768.190000,768.300000,81529,False
2026-09-23T16:40:00Z,768.290000,768.304000,767.800000,767.800000,122150,False
2026-09-23T16:45:00Z,767.790000,768.070000,767.525000,767.570000,137468,False
2026-09-23T16:50:00Z,767.580000,767.580000,767.020000,767.067700,162910,False
2026-09-23T16:55:00Z,767.030000,767.525000,767.020000,767.420000,126111,False
2026-09-23T17:00:00Z,767.410000,767.700000,766.500000,766.740000,209350,False
2026-09-23T17:05:00Z,766.740000,767.190000,766.590000,767.119000,166833,False
2026-09-23T17:10:00Z,767.120000,767.260000,766.825000,767.110000,117564,False
2026-09-23T17:15:00Z,767.080000,767.920000,766.940000,767.875000,104431,False
2026-09-23T17:20:00Z,767.930000,767.930000,767.180000,767.180000,96349,False
2026-09-23T17:25:00Z,767.170000,767.399500,767.110000,767.270000,69789,False
2026-09-23T17:30:00Z,767.260000,767.575000,767.070000,767.550000,64908,False
2026-09-23T17:35:00Z,767.550000,767.610000,767.280000,767.357700,97127,False
2026-09-23T17:40:00Z,767.364200,768.590000,767.170000,768.500000,233038,False
2026-09-23T17:45:00Z,768.470000,768.840000,768.245000,768.410000,188140,False
2026-09-23T17:50:00Z,768.420000,768.580000,768.230000,768.450000,126783,False
2026-09-23T17:55:00Z,768.495000,769.045000,768.370000,769.000000,154743,False
2026-09-23T18:00:00Z,768.985000,769.008800,768.130000,768.180000,183425,False
2026-09-23T18:05:00Z,768.180000,768.475000,768.050000,768.390000,163061,False
2026-09-23T18:10:00Z,768.415000,768.540000,768.290000,768.470000,109087,False
2026-09-23T18:15:00Z,768.610000,768.745000,768.500000,768.530000,43222,False
2026-09-23T18:20:00Z,768.500000,768.580000,768.310000,768.515000,154973,False
2026-09-23T18:25:00Z,768.520000,768.600000,768.195000,768.280000,124575,False
2026-09-23T18:30:00Z,768.300000,768.350000,767.920000,768.100000,94688,False
2026-09-23T18:35:00Z,768.090000,768.160000,767.580000,767.690000,97182,False
2026-09-23T18:40:00Z,767.690000,768.040000,767.690000,767.832400,107769,False
2026-09-23T18:45:00Z,767.870000,768.105000,767.790000,768.100000,97030,False
2026-09-23T18:50:00Z,768.100000,768.170000,767.790000,767.930000,83309,False
2026-09-23T18:55:00Z,767.891000,768.305000,767.860000,768.180000,163655,False
2026-09-23T19:00:00Z,768.190000,768.320000,767.760000,767.800000,135060,False
2026-09-23T19:05:00Z,767.800000,768.320000,767.710000,768.125000,176081,False
2026-09-23T19:10:00Z,768.125000,768.206100,767.820000,767.935000,172947,False
2026-09-23T19:15:00Z,767.950000,768.000000,767.600000,767.800000,179940,False
2026-09-23T19:20:00Z,767.790000,767.790000,767.560000,767.660000,215352,False
2026-09-23T19:25:00Z,767.675000,767.815000,767.430000,767.640100,228561,False
2026-09-23T19:30:00Z,767.660000,768.020000,767.540000,767.990000,237586,False
2026-09-23T19:35:00Z,767.990000,768.000000,767.820000,767.865000,181683,False
2026-09-23T19:40:00Z,768.020000,768.150000,767.310000,767.570000,274056,False
2026-09-23T19:45:00Z,767.540000,768.010000,767.520000,767.961000,511440,False
2026-09-23T19:50:00Z,767.960000,767.990000,766.570000,766.840000,1021588,False
2026-09-23T19:55:00Z,766.840000,767.980000,766.820000,767.750000,1637719,False
2026-09-24T13:30:00Z,764.065000,764.850000,763.620000,764.721000,685477,False
2026-09-24T13:35:00Z,764.703600,765.055000,764.480000,765.012000,221732,False
2026-09-24T13:40:00Z,765.015000,765.030000,764.360000,764.640000,287240,False
2026-09-24T13:45:00Z,764.640000,765.360000,764.490000,764.960000,190625,False
2026-09-24T13:50:00Z,764.965000,765.230000,764.750500,764.920000,91935,False
2026-09-24T13:55:00Z,764.900000,765.485000,764.750000,765.380000,132684,False
2026-09-24T14:00:00Z,765.370000,765.980000,765.250000,765.980000,189874,False
2026-09-24T14:05:00Z,766.410000,766.420700,766.300000,766.335000,27314,False
2026-09-24T14:10:00Z,766.210000,766.211400,765.800000,766.010000,241157,False
2026-09-24T14:15:00Z,766.015000,766.368700,765.620000,766.200000,110385,False
2026-09-24T14:20:00Z,766.050000,766.140000,765.940000,765.940000,11010,False
2026-09-24T14:25:00Z,765.840000,766.320000,765.660000,766.040000,181488,False
2026-09-24T14:30:00Z,766.085000,766.100000,765.520000,765.940000,88790,False
2026-09-24T14:35:00Z,765.930000,766.138000,765.700000,765.870000,90161,False
2026-09-24T14:40:00Z,765.920000,766.025000,765.190000,765.290000,124594,False
2026-09-24T14:45:00Z,765.260000,765.520000,764.970000,765.300000,134270,False
2026-09-24T14:50:00Z,765.285000,765.679600,764.805000,764.879400,157743,False
2026-09-24T14:55:00Z,764.880000,764.900000,764.180000,764.500000,194571,False
2026-09-24T15:00:00Z,764.500000,764.770000,764.320800,764.370000,150573,False
2026-09-24T15:05:00Z,764.360000,764.455000,764.025000,764.089900,213349,False
2026-09-24T15:10:00Z,764.100000,764.260000,763.900000,763.990000,55424,False
2026-09-24T15:15:00Z,763.360000,764.160000,763.260000,763.855000,243503,False
2026-09-24T15:20:00Z,763.855000,764.560000,763.670000,764.465000,148407,False
2026-09-24T15:25:00Z,763.820000,763.830000,763.750000,763.830000,3278,False
2026-09-24T15:30:00Z,763.600000,763.760000,763.390000,763.510000,148014,False
2026-09-24T15:35:00Z,763.510000,764.040000,763.510000,763.748900,143302,False
2026-09-24T15:40:00Z,763.640000,763.675000,763.570000,763.660000,2138,False
2026-09-24T15:45:00Z,764.065000,764.300000,763.430000,763.570000,91759,False
2026-09-24T15:50:00Z,763.570000,764.425000,763.505000,764.265000,99027,False
2026-09-24T15:55:00Z,764.305000,764.380000,763.960000,764.290000,52659,False
2026-09-24T16:00:00Z,764.270000,764.315000,763.700000,764.100000,87270,False
2026-09-24T16:05:00Z,764.070000,764.180000,763.750000,763.885000,125650,False
2026-09-24T16:10:00Z,763.880000,764.650000,763.660000,764.620000,51152,False
2026-09-24T16:15:00Z,764.610000,768.400000,764.500000,766.850000,762836,False
2026-09-24T16:20:00Z,766.850000,767.330000,766.600000,766.980000,265373,False
2026-09-24T16:25:00Z,767.020000,767.358000,766.280000,767.135000,113255,False
2026-09-24T16:30:00Z,767.150200,767.255000,766.400000,766.855000,130145,False
2026-09-24T16:35:00Z,766.895000,767.789900,766.770000,767.769900,162357,False
2026-09-24T16:40:00Z,767.780000,768.880000,767.600000,767.620000,225747,False
2026-09-24T16:45:00Z,767.635000,768.645000,767.215000,768.555000,205333,False
2026-09-24T16:50:00Z,768.550000,768.740000,767.860000,768.080000,141625,False
2026-09-24T16:55:00Z,768.095000,768.950000,768.040000,768.290000,262300,False
2026-09-24T17:00:00Z,768.260000,768.660000,767.530000,768.250000,304660,False
2026-09-24T17:05:00Z,768.260000,768.660000,768.030000,768.250000,300051,False
2026-09-24T17:10:00Z,768.220000,768.530000,767.650000,768.390000,247055,False
2026-09-24T17:15:00Z,768.380000,768.420000,767.505000,767.510000,104956,False
2026-09-24T17:20:00Z,767.500000,767.850000,767.250000,767.362500,153265,False
2026-09-24T17:25:00Z,767.355000,767.380000,766.600000,766.740000,90116,False
2026-09-24T17:30:00Z,767.220000,767.660000,766.810000,766.850000,128264,False
2026-09-24T17:35:00Z,766.840000,767.010000,766.530000,766.850000,129970,False
2026-09-24T17:40:00Z,766.880000,767.070000,766.160000,766.220000,119180,False
2026-09-24T17:45:00Z,766.210000,766.822200,766.025000,766.650000,144467,False
2026-09-24T17:50:00Z,766.640000,766.810000,766.400000,766.540000,84369,False
2026-09-24T17:55:00Z,766.535000,767.080000,766.430000,766.930000,97624,False
2026-09-24T18:00:00Z,766.940000,767.010000,765.620000,765.690000,177972,False
2026-09-24T18:05:00Z,765.700000,766.960000,765.685000,766.765000,159579,False
2026-09-24T18:10:00Z,766.770000,767.110000,766.600000,767.015000,83389,False
2026-09-24T18:15:00Z,767.000000,767.530000,766.860000,767.260000,106312,False
2026-09-24T18:20:00Z,767.240000,767.310000,766.830000,767.190000,57410,False
2026-09-24T18:25:00Z,767.180000,768.030000,767.150000,767.610000,182394,False
2026-09-24T18:30:00Z,767.610000,767.690000,767.100000,767.112000,105576,False
2026-09-24T18:35:00Z,767.100000,768.369900,766.910000,767.820000,181010,False
2026-09-24T18:40:00Z,767.800000,767.800000,767.180000,767.490000,124142,False
2026-09-24T18:45:00Z,767.500000,767.675000,767.430000,767.520000,121354,False
2026-09-24T18:50:00Z,767.520000,768.060000,767.485000,767.735000,130938,False
2026-09-24T18:55:00Z,767.760000,768.280000,767.730000,767.940000,106468,False
2026-09-24T19:00:00Z,767.940000,768.040000,767.050000,767.210000,170180,False
2026-09-24T19:05:00Z,767.200000,767.590000,767.180000,767.430000,81696,False
2026-09-24T19:10:00Z,767.450000,767.570000,767.230000,767.310000,75782,False
2026-09-24T19:15:00Z,767.340000,767.740000,767.330000,767.680000,77913,False
2026-09-24T19:20:00Z,767.680000,767.870000,767.510000,767.800900,72431,False
2026-09-24T19:25:00Z,767.800000,767.890000,767.480000,767.570000,102374,False
2026-09-24T19:30:00Z,767.580000,767.750000,767.420000,767.750000,187151,False
2026-09-24T19:35:00Z,767.732000,767.760000,767.430000,767.760000,170701,False
2026-09-24T19:40:00Z,767.770000,767.870000,767.530000,767.590000,241031,False
2026-09-24T19:45:00Z,767.570000,767.710000,767.340000,767.355000,484369,False
2026-09-24T19:50:00Z,767.370000,768.150000,767.370000,767.970000,581242,False
2026-09-24T19:55:00Z,767.970000,767.980000,767.250000,767.260000,898563,False
2026-09-25T13:30:00Z,768.760000,769.520000,767.750000,769.440000,417634,False
2026-09-25T13:35:00Z,769.430000,769.780000,769.250000,769.768000,254211,False
2026-09-25T13:40:00Z,769.700000,770.055000,769.330000,769.490000,148731,False
2026-09-25T13:45:00Z,769.500000,769.655000,769.000000,769.520000,292160,False
2026-09-25T13:50:00Z,769.500000,770.255000,769.375000,770.095000,239984,False
2026-09-25T13:55:00Z,770.120000,770.310000,769.532800,769.730000,246472,False
2026-09-25T14:00:00Z,769.730000,769.840000,767.530000,767.600000,376444,False
2026-09-25T14:05:00Z,767.580000,767.750000,766.542000,767.660000,365866,False
2026-09-25T14:10:00Z,767.680000,767.920000,766.810000,766.940000,234584,False
2026-09-25T14:15:00Z,766.923600,767.220000,766.290000,767.025000,359612,False
2026-09-25T14:20:00Z,767.021200,767.660000,766.920000,767.470000,144629,False
2026-09-25T14:25:00Z,767.515000,767.970000,767.200000,767.360000,160459,False
2026-09-25T14:30:00Z,767.410000,767.980000,767.220000,767.770000,104164,False
2026-09-25T14:35:00Z,767.755000,768.530000,767.660000,768.250000,165687,False
2026-09-25T14:40:00Z,768.255000,768.290000,767.475000,767.955100,163372,False
2026-09-25T14:45:00Z,767.920000,768.410000,767.600000,768.350000,160090,False
2026-09-25T14:50:00Z,768.300000,768.330000,768.210000,768.210000,8622,False
2026-09-25T14:55:00Z,768.760000,768.860000,768.730000,768.840000,4476,False
2026-09-25T15:00:00Z,768.770000,769.600000,768.655000,769.380000,209169,False
2026-09-25T15:05:00Z,769.370000,769.800000,769.070000,769.090000,150467,False
2026-09-25T15:10:00Z,769.090000,769.140000,768.335000,768.935000,144824,False
2026-09-25T15:15:00Z,768.950000,769.179900,768.430000,768.515000,77167,False
2026-09-25T15:20:00Z,768.530000,769.309500,768.410000,768.620000,138481,False
2026-09-25T15:25:00Z,768.605000,769.050000,768.535000,768.780100,80590,False
2026-09-25T15:30:00Z,768.750000,769.778500,768.730000,769.085000,219835,False
2026-09-25T15:35:00Z,769.080000,769.130000,768.130000,768.230000,123154,False
2026-09-25T15:40:00Z,768.210000,768.530000,767.690000,767.740000,121187,False
2026-09-25T15:45:00Z,767.762400,768.320000,767.445000,768.300000,158308,False
2026-09-25T15:50:00Z,768.285000,768.600000,767.500000,768.420000,162165,False
2026-09-25T15:55:00Z,768.390000,769.960000,768.390000,769.940000,201300,False
2026-09-25T16:00:00Z,769.960000,771.440000,769.790000,771.270600,424260,False
2026-09-25T16:05:00Z,771.280000,771.760000,771.120000,771.471000,338302,False
2026-09-25T16:10:00Z,771.500000,771.980000,771.250000,771.520000,250010,False
2026-09-25T16:15:00Z,771.530000,771.830000,770.726500,770.980000,221863,False
2026-09-25T16:20:00Z,770.995000,771.080000,769.990000,770.395000,170232,False
2026-09-25T16:25:00Z,770.440000,771.600000,770.330000,771.538700,180740,False
2026-09-25T16:30:00Z,771.555000,771.720000,770.360000,770.660000,376878,False
2026-09-25T16:35:00Z,770.665000,771.340000,770.640000,770.982200,187763,False
2026-09-25T16:40:00Z,770.975000,771.420000,770.670000,771.140000,117606,False
2026-09-25T16:45:00Z,771.130000,771.140000,770.280000,770.680000,96946,False
2026-09-25T16:50:00Z,770.680000,770.880000,770.536000,770.830000,60057,False
2026-09-25T16:55:00Z,770.840000,770.980000,770.170000,770.440000,104998,False
2026-09-25T17:00:00Z,770.440000,771.169500,770.330000,771.029900,95149,False
2026-09-25T17:05:00Z,771.033400,771.170000,770.535000,771.055000,52976,False
2026-09-25T17:10:00Z,771.040000,771.280000,770.680000,771.230000,85508,False
2026-09-25T17:15:00Z,771.270000,771.290000,770.810000,770.900000,75324,False
2026-09-25T17:20:00Z,770.900000,771.220000,770.810000,771.200000,57551,False
2026-09-25T17:25:00Z,771.210000,771.290000,771.110000,771.260000,49421,False
2026-09-25T17:30:00Z,771.270000,771.370000,770.580000,770.760000,75189,False
2026-09-25T17:35:00Z,770.780000,771.140000,770.505900,770.880100,75572,False
2026-09-25T17:40:00Z,770.920000,771.210000,770.870000,770.930000,52903,False
2026-09-25T17:45:00Z,770.905000,771.180000,770.810000,771.120000,36159,False
2026-09-25T17:50:00Z,771.120000,771.130000,770.600000,770.785000,57210,False
2026-09-25T17:55:00Z,770.785000,771.160000,770.721500,771.155000,44932,False
2026-09-25T18:00:00Z,771.150000,771.260000,771.030000,771.070000,84063,False
2026-09-25T18:05:00Z,771.070000,771.130000,770.830000,771.080000,97218,False
2026-09-25T18:10:00Z,771.080000,771.460000,770.945000,771.460000,53539,False
2026-09-25T18:15:00Z,771.475000,771.510000,771.230000,771.280000,85644,False
2026-09-25T18:20:00Z,771.310000,771.360000,771.110000,771.317600,51198,False
2026-09-25T18:25:00Z,771.310000,771.400000,770.421000,770.900000,216972,False
2026-09-25T18:30:00Z,770.910000,771.340000,770.900000,771.230000,83668,False
2026-09-25T18:35:00Z,771.180000,771.220000,770.570000,770.630000,175470,False
2026-09-25T18:40:00Z,770.660000,771.030000,770.491000,771.030000,107090,False
2026-09-25T18:45:00Z,771.015400,771.100000,770.690000,770.860000,86073,False
2026-09-25T18:50:00Z,770.840000,770.910000,770.620000,770.620000,53262,False
2026-09-25T18:55:00Z,770.630000,770.820000,770.600000,770.670000,137985,False
2026-09-25T19:00:00Z,770.700000,770.990000,770.430000,770.590000,136003,False
2026-09-25T19:05:00Z,770.600000,770.870000,770.540000,770.695000,56288,False
2026-09-25T19:10:00Z,770.695000,771.105000,770.640000,771.080000,105204,False
2026-09-25T19:15:00Z,771.100000,771.160000,770.780000,770.795000,117458,False
2026-09-25T19:20:00Z,770.800000,770.865000,770.480200,770.558500,141765,False
2026-09-25T19:25:00Z,770.550000,770.550000,770.195000,770.330000,124361,False
2026-09-25T19:30:00Z,770.330000,770.490000,770.220000,770.250000,117537,False
2026-09-25T19:35:00Z,770.250000,770.955000,770.210000,770.935000,171477,False
2026-09-25T19:40:00Z,770.940000,771.320000,770.750000,771.170000,165641,False
2026-09-25T19:45:00Z,771.190000,771.970000,771.190000,771.710000,503526,False
2026-09-25T19:50:00Z,771.720000,772.280000,771.720000,771.800000,606783,False
2026-09-25T19:55:00Z,771.820000,771.900000,771.150000,771.300000,813945,False
2026-09-28T13:30:00Z,768.380000,768.590000,767.490000,767.790000,747835,False
2026-09-28T13:35:00Z,767.740500,767.740500,766.980000,767.470000,302461,False
2026-09-28T13:40:00Z,767.440000,767.780000,767.030000,767.630000,195879,False
2026-09-28T13:45:00Z,767.590000,768.340000,767.360000,768.040700,270009,False
2026-09-28T13:50:00Z,768.030000,768.500000,767.570000,768.220000,195755,False
2026-09-28T13:55:00Z,768.210000,768.390000,767.640000,768.360000,152045,False
2026-09-28T14:00:00Z,768.340000,768.419400,767.690000,767.710000,108554,False
2026-09-28T14:05:00Z,767.725000,768.020000,767.450000,767.770000,114403,False
2026-09-28T14:10:00Z,767.737700,767.800000,766.990000,767.250000,156309,False
2026-09-28T14:15:00Z,767.250100,767.685000,767.030000,767.495000,205289,False
2026-09-28T14:20:00Z,767.479900,767.920000,767.190000,767.700000,161872,False
2026-09-28T14:25:00Z,767.700000,767.820000,767.335000,767.450000,229407,False
2026-09-28T14:30:00Z,767.440100,767.460000,767.070000,767.170000,163529,False
2026-09-28T14:35:00Z,767.180000,767.230000,766.350000,766.437700,260459,False
2026-09-28T14:40:00Z,766.435000,766.560000,765.220000,765.259500,317637,False
2026-09-28T14:45:00Z,765.265000,765.309900,763.790000,764.260000,457490,False
2026-09-28T14:50:00Z,764.240000,764.800000,763.935000,763.935000,257184,False
2026-09-28T14:55:00Z,763.920000,764.460000,763.715000,764.150000,311996,False
2026-09-28T15:00:00Z,764.155000,764.730000,764.120000,764.615000,214602,False
2026-09-28T15:05:00Z,764.620000,765.660000,764.360000,765.658600,238115,False
2026-09-28T15:10:00Z,765.655000,765.760000,765.040000,765.140000,161534,False
2026-09-28T15:15:00Z,765.150000,765.245000,764.752000,765.085000,127444,False
2026-09-28T15:20:00Z,765.079900,765.079900,764.621700,764.835000,74886,False
2026-09-28T15:25:00Z,764.830000,765.240000,764.629000,765.050000,176446,False
2026-09-28T15:30:00Z,765.090000,765.170000,764.720000,765.045000,113230,False
2026-09-28T15:35:00Z,765.060000,765.720000,764.930000,765.720000,233510,False
2026-09-28T15:40:00Z,765.720000,765.730000,764.660000,764.930000,124595,False
2026-09-28T15:45:00Z,764.940000,765.080000,764.740000,764.940000,70425,False
2026-09-28T15:50:00Z,764.915000,765.230000,764.830000,765.230000,58214,False
2026-09-28T15:55:00Z,765.230000,765.570000,765.190000,765.505000,91744,False
2026-09-28T16:00:00Z,765.470000,765.640000,765.150200,765.300000,63274,False
2026-09-28T16:05:00Z,765.250000,765.695000,765.140000,765.600500,54894,False
2026-09-28T16:10:00Z,765.593900,765.830000,765.320000,765.414600,92362,False
2026-09-28T16:15:00Z,765.375000,766.870000,765.333400,766.540000,258700,False
2026-09-28T16:20:00Z,766.515000,767.950000,766.400000,767.790100,318906,False
2026-09-28T16:25:00Z,767.810000,769.540000,767.760100,768.710000,522501,False
2026-09-28T16:30:00Z,768.700000,768.770000,767.450000,767.830000,376401,False
2026-09-28T16:35:00Z,767.860000,768.190000,767.360000,767.480000,191675,False
2026-09-28T16:40:00Z,767.500000,767.650000,766.650000,766.990000,145685,False
2026-09-28T16:45:00Z,766.990000,767.450000,766.670000,766.880000,126774,False
2026-09-28T16:50:00Z,766.880000,767.300000,766.680000,767.200000,85796,False
2026-09-28T16:55:00Z,767.215000,767.300000,767.045000,767.196700,53120,False
2026-09-28T17:00:00Z,767.146300,767.150000,766.635000,766.870000,55160,False
2026-09-28T17:05:00Z,766.890000,766.920000,766.460000,766.620000,46394,False
2026-09-28T17:10:00Z,766.690000,769.280000,766.590000,768.890000,444212,False
2026-09-28T17:15:00Z,768.890000,768.890000,767.281000,767.285000,368176,False
2026-09-28T17:20:00Z,767.285000,767.475000,767.060000,767.314500,91082,False
2026-09-28T17:25:00Z,767.310000,767.490000,766.880000,767.060000,79849,False
2026-09-28T17:30:00Z,767.040000,767.520000,766.925000,767.180000,102966,False
2026-09-28T17:35:00Z,767.190000,767.450000,766.850000,767.190000,118196,False
2026-09-28T17:40:00Z,767.210000,767.340000,767.039000,767.190000,81727,False
2026-09-28T17:45:00Z,767.175000,767.440000,767.000000,767.380000,69517,False
2026-09-28T17:50:00Z,767.360000,767.480000,767.160000,767.440000,45987,False
2026-09-28T17:55:00Z,767.450000,767.490000,767.050000,767.299000,83214,False
2026-09-28T18:00:00Z,767.300000,767.460000,766.890000,767.410000,107553,False
2026-09-28T18:05:00Z,767.430000,767.460000,767.110000,767.289900,52208,False
2026-09-28T18:10:00Z,767.280000,767.530000,767.190000,767.448000,83343,False
2026-09-28T18:15:00Z,767.450000,767.560000,767.020000,767.020000,80670,False
2026-09-28T18:20:00Z,767.020000,767.245000,766.680000,766.840000,90768,False
2026-09-28T18:25:00Z,766.870000,767.050000,766.834800,766.900000,59875,False
2026-09-28T18:30:00Z,766.905000,767.070000,766.520300,766.790000,95727,False
2026-09-28T18:35:00Z,766.780000,766.910000,766.345000,766.400100,69746,False
2026-09-28T18:40:00Z,766.430000,767.155000,766.320000,767.110000,82810,False
2026-09-28T18:45:00Z,767.120000,767.256200,766.800000,767.159400,94221,False
2026-09-28T18:50:00Z,767.140000,767.305000,766.760000,767.055000,92616,False
2026-09-28T18:55:00Z,767.040000,767.180000,766.860000,766.980000,93941,False
2026-09-28T19:00:00Z,767.000000,767.020000,766.250000,766.560000,173550,False
2026-09-28T19:05:00Z,766.540000,766.650000,766.270000,766.280000,137826,False
2026-09-28T19:10:00Z,766.280000,766.289900,765.780000,765.870000,246336,False
2026-09-28T19:15:00Z,765.860000,766.090000,765.630000,765.910000,331005,False
2026-09-28T19:20:00Z,765.929900,766.105000,765.810000,766.040000,193340,False
2026-09-28T19:25:00Z,766.040000,766.234000,765.820000,766.000000,174510,False
2026-09-28T19:30:00Z,766.000000,766.055000,765.570000,765.870000,252365,False
2026-09-28T19:35:00Z,765.860000,766.040000,765.129500,765.185000,286668,False
2026-09-28T19:40:00Z,765.190000,765.580000,765.130000,765.440000,376816,False
2026-09-28T19:45:00Z,765.440000,765.690000,765.220000,765.280000,391246,False
2026-09-28T19:50:00Z,765.280000,765.570000,764.860000,764.870000,464350,False
2026-09-28T19:55:00Z,764.860000,765.680000,764.840000,765.560000,837328,False
2026-09-29T13:30:00Z,766.810000,766.940000,765.120000,765.385000,407592,False
2026-09-29T13:35:00Z,765.400000,765.830000,765.295000,765.826000,217730,False
2026-09-29T13:40:00Z,765.870000,765.930000,764.940000,765.115000,184579,False
2026-09-29T13:45:00Z,765.130000,765.500000,764.640000,764.990100,209189,False
2026-09-29T13:50:00Z,765.000000,765.520000,764.879900,765.255000,232778,False
2026-09-29T13:55:00Z,765.260000,765.659000,764.600000,764.720000,261414,False
2026-09-29T14:00:00Z,764.680000,765.620000,764.680000,764.905000,246148,False
2026-09-29T14:05:00Z,764.870000,764.950000,764.850000,764.909900,12190,False
2026-09-29T14:10:00Z,765.030000,765.459900,764.685000,765.165000,140667,False
2026-09-29T14:15:00Z,765.170000,765.540000,764.820000,765.380000,114952,False
2026-09-29T14:20:00Z,765.440000,765.545000,764.770000,765.030000,218591,False
2026-09-29T14:25:00Z,765.020000,765.750000,764.970000,765.310000,153907,False
2026-09-29T14:30:00Z,765.300000,765.630000,764.940000,765.330000,146087,False
2026-09-29T14:35:00Z,765.320000,765.450000,764.960000,765.360000,127927,False
2026-09-29T14:40:00Z,765.350000,765.740000,764.800000,765.100000,160472,False
2026-09-29T14:45:00Z,765.100000,765.270000,764.490000,764.520000,162561,False
2026-09-29T14:50:00Z,764.500000,765.550000,764.500000,765.520000,171992,False
2026-09-29T14:55:00Z,765.530000,765.575000,764.811700,764.860000,161737,False
2026-09-29T15:00:00Z,764.890000,764.950000,764.200200,764.240000,133027,False
2026-09-29T15:05:00Z,764.230000,764.419900,763.860000,764.050000,161818,False
2026-09-29T15:10:00Z,764.050000,764.269900,763.580000,764.160000,134412,False
2026-09-29T15:15:00Z,764.100000,764.330000,763.280000,763.280000,177324,False
2026-09-29T15:20:00Z,763.299900,763.390000,762.640000,762.900000,223042,False
2026-09-29T15:25:00Z,762.925000,763.120000,762.570000,762.939800,197691,False
2026-09-29T15:30:00Z,762.990000,763.850000,762.865000,763.790000,229065,False
2026-09-29T15:35:00Z,763.807500,764.120000,763.620000,763.840000,166193,False
2026-09-29T15:40:00Z,763.860000,763.900000,763.440000,763.735000,102340,False
2026-09-29T15:45:00Z,763.740000,764.280000,763.310000,763.896600,298117,False
2026-09-29T15:50:00Z,763.920000,764.100000,762.895000,763.105700,147933,False
2026-09-29T15:55:00Z,763.120000,763.320000,762.965000,763.300000,106044,False
2026-09-29T16:00:00Z,763.250000,763.280000,762.680000,762.772100,116840,False
2026-09-29T16:05:00Z,762.775000,763.350000,762.660000,763.274000,121319,False
2026-09-29T16:10:00Z,763.270000,763.450000,762.860000,762.990000,83842,False
2026-09-29T16:15:00Z,762.990000,763.190000,762.900000,763.130000,59632,False
2026-09-29T16:20:00Z,763.170000,763.430000,762.870600,763.000000,35723,False
2026-09-29T16:25:00Z,763.145000,763.560000,763.110000,763.395000,72786,False
2026-09-29T16:30:00Z,763.250000,763.390000,763.210000,763.220000,10092,False
2026-09-29T16:35:00Z,763.220000,763.470800,763.220000,763.410000,43471,False
2026-09-29T16:40:00Z,763.410000,763.415000,762.654800,762.670000,115609,False
2026-09-29T16:45:00Z,762.675000,763.130000,762.405000,763.020000,196864,False
2026-09-29T16:50:00Z,763.020000,763.330000,762.870100,762.970000,56032,False
2026-09-29T16:55:00Z,763.060000,763.060000,762.570000,762.994800,98702,False
2026-09-29T17:00:00Z,762.980000,762.980000,762.370000,762.700000,115129,False
2026-09-29T17:05:00Z,762.670000,762.810000,762.520000,762.520000,62586,False
2026-09-29T17:10:00Z,762.552700,762.880000,762.470000,762.760000,118117,False
2026-09-29T17:15:00Z,762.770000,762.820000,762.350000,762.560000,76931,False
2026-09-29T17:20:00Z,762.580000,763.030000,762.430000,763.022500,96195,False
2026-09-29T17:25:00Z,763.030000,763.160000,762.905000,763.080000,74590,False
2026-09-29T17:30:00Z,763.080000,763.250000,762.910000,763.200000,39306,False
2026-09-29T17:35:00Z,763.210000,763.300000,763.035000,763.180000,40114,False
2026-09-29T17:40:00Z,763.180000,763.325000,762.800000,763.270100,74549,False
2026-09-29T17:45:00Z,763.297300,763.460000,763.020000,763.050000,83812,False
2026-09-29T17:50:00Z,763.060000,763.140000,762.570000,762.745000,66843,False
2026-09-29T17:55:00Z,762.750000,762.750000,762.385000,762.620000,100984,False
2026-09-29T18:00:00Z,762.650000,763.880000,762.640000,763.714100,496922,False
2026-09-29T18:05:00Z,763.720000,764.019800,763.000000,763.030000,170681,False
2026-09-29T18:10:00Z,763.040000,763.829400,762.980000,763.740100,102749,False
2026-09-29T18:15:00Z,763.745000,763.960000,763.665100,763.900000,129065,False
2026-09-29T18:20:00Z,763.900000,764.390000,763.810000,763.910000,147737,False
2026-09-29T18:25:00Z,763.930000,764.210100,763.840000,763.970000,72300,False
2026-09-29T18:30:00Z,763.960100,764.400000,763.570000,763.880000,177957,False
2026-09-29T18:35:00Z,763.890000,764.960000,763.800000,764.871000,204932,False
2026-09-29T18:40:00Z,764.890000,765.300000,764.640000,764.845000,237296,False
2026-09-29T18:45:00Z,764.850000,764.980000,764.390000,764.679300,109238,False
2026-09-29T18:50:00Z,764.660000,764.820000,764.540000,764.630000,64575,False
2026-09-29T18:55:00Z,764.620000,764.920000,764.510000,764.890000,74021,False
2026-09-29T19:00:00Z,764.820000,764.950000,764.710000,764.810000,87091,False
2026-09-29T19:05:00Z,765.020000,765.060000,764.720000,764.730000,193333,False
2026-09-29T19:10:00Z,764.720000,764.820000,764.340000,764.360000,133867,False
2026-09-29T19:15:00Z,764.400000,764.580000,764.280000,764.530000,153104,False
2026-09-29T19:20:00Z,764.520000,764.830000,764.380000,764.560000,152198,False
2026-09-29T19:25:00Z,764.560000,764.675000,764.410000,764.570000,154933,False
2026-09-29T19:30:00Z,764.590000,764.820000,764.390000,764.545000,135562,False
2026-09-29T19:35:00Z,764.540000,764.680000,764.420000,764.510000,245936,False
2026-09-29T19:40:00Z,764.490000,764.540000,764.020000,764.110000,313183,False
2026-09-29T19:45:00Z,764.120000,764.360000,763.920000,764.220000,402856,False
2026-09-29T19:50:00Z,764.210000,764.800000,764.160000,764.570000,263654,False
2026-09-29T19:55:00Z,764.570000,764.570000,763.760000,764.230000,1063963,False
2026-09-30T13:30:00Z,766.370000,767.275000,766.000000,766.750000,407284,False
2026-09-30T13:35:00Z,766.720000,766.930000,766.130000,766.850000,269231,False
2026-09-30T13:40:00Z,766.850000,767.070000,766.420000,766.660000,173392,False
2026-09-30T13:45:00Z,766.680000,767.165000,766.070100,767.100000,176359,False
2026-09-30T13:50:00Z,767.130000,767.390000,766.512000,767.315000,127432,False
2026-09-30T13:55:00Z,767.310000,767.980000,767.060000,767.970000,169871,False
2026-09-30T14:00:00Z,767.970000,768.670000,767.970000,768.590000,243211,False
2026-09-30T14:05:00Z,768.590000,769.150000,768.415000,768.560000,244146,False
2026-09-30T14:10:00Z,768.540000,768.575000,767.950000,768.160000,124042,False
2026-09-30T14:15:00Z,768.165000,768.800000,768.160000,768.749900,116254,False
2026-09-30T14:20:00Z,768.750100,769.100000,768.380000,768.440000,165300,False
2026-09-30T14:25:00Z,768.420000,768.450000,767.475000,767.855000,179728,False
2026-09-30T14:30:00Z,767.870000,768.260000,767.400000,767.550000,217349,False
2026-09-30T14:35:00Z,767.530000,768.000000,767.250000,767.720000,139886,False
2026-09-30T14:40:00Z,767.700700,768.410000,767.370000,767.640000,152731,False
2026-09-30T14:45:00Z,767.640000,768.670000,767.575400,768.650000,103310,False
2026-09-30T14:50:00Z,768.678000,769.410000,768.440100,769.240000,144849,False
2026-09-30T14:55:00Z,769.240000,769.345000,768.511000,768.528300,131274,False
2026-09-30T15:00:00Z,768.520000,768.580000,768.030000,768.540000,106973,False
2026-09-30T15:05:00Z,768.530000,768.600000,767.870000,768.520000,81159,False
2026-09-30T15:10:00Z,768.520000,768.670000,767.750000,768.190000,128217,False
2026-09-30T15:15:00Z,768.180000,768.910000,768.180000,768.470000,100221,False
2026-09-30T15:20:00Z,768.490000,768.490000,767.910000,768.120000,85053,False
2026-09-30T15:25:00Z,768.150000,768.755200,767.900100,768.750100,109732,False
2026-09-30T15:30:00Z,768.800000,769.020000,768.600000,768.630000,125049,False
2026-09-30T15:35:00Z,768.660000,768.830000,768.296000,768.660000,91762,False
2026-09-30T15:40:00Z,768.650000,768.850000,767.880000,768.000000,121397,False
2026-09-30T15:45:00Z,768.000000,769.220000,767.897800,769.180000,117139,False
2026-09-30T15:50:00Z,769.170000,769.245000,768.230000,768.230000,122084,False
2026-09-30T15:55:00Z,768.250000,768.720000,768.105000,768.720000,75346,False
2026-09-30T16:00:00Z,768.720000,769.020000,768.480000,768.850000,109580,False
2026-09-30T16:05:00Z,768.920000,769.080000,768.740000,768.800000,113735,False
2026-09-30T16:10:00Z,768.800000,769.100000,768.670000,769.000000,102095,False
2026-09-30T16:15:00Z,768.990000,769.039900,768.180000,768.459500,104405,False
2026-09-30T16:20:00Z,768.460000,768.528500,768.290000,768.300000,107919,False
2026-09-30T16:25:00Z,768.310000,768.380000,768.040000,768.070000,89762,False
2026-09-30T16:30:00Z,768.050000,768.100000,767.780000,768.000000,114948,False
2026-09-30T16:35:00Z,767.990000,768.080000,767.680000,767.910000,79703,False
2026-09-30T16:40:00Z,767.905000,768.500000,767.870000,768.350000,87358,False
2026-09-30T16:45:00Z,768.365000,768.365000,767.710000,767.850000,71254,False
2026-09-30T16:50:00Z,767.845000,768.119900,767.820000,768.020000,56898,False
2026-09-30T16:55:00Z,767.980000,768.300000,767.850000,768.270000,89076,False
2026-09-30T17:00:00Z,768.245000,768.450000,768.160000,768.270000,47951,False
2026-09-30T17:05:00Z,768.250000,768.470000,768.220000,768.255000,28410,False
2026-09-30T17:10:00Z,768.290000,768.310000,767.605000,767.699200,82931,False
2026-09-30T17:15:00Z,767.690000,767.690000,766.805000,766.820000,186330,False
2026-09-30T17:20:00Z,766.810000,767.180000,766.649000,767.010000,115977,False
2026-09-30T17:25:00Z,767.019900,767.040000,766.260000,766.970000,163165,False
2026-09-30T17:30:00Z,766.990000,767.370000,766.970000,767.195000,91191,False
2026-09-30T17:35:00Z,767.215000,767.510000,767.020000,767.469900,106619,False
2026-09-30T17:40:00Z,767.490000,767.720000,767.310000,767.485000,66320,False
2026-09-30T17:45:00Z,767.480000,767.855000,767.210000,767.855000,75562,False
2026-09-30T17:50:00Z,767.860000,767.970000,767.560000,767.730000,67032,False
2026-09-30T17:55:00Z,767.740000,767.750000,767.540000,767.710000,48183,False
2026-09-30T18:00:00Z,767.695000,767.700000,767.145000,767.300000,185549,False
2026-09-30T18:05:00Z,767.310000,767.379500,766.850000,767.170000,138833,False
2026-09-30T18:10:00Z,767.190000,767.540000,767.085000,767.335000,181747,False
2026-09-30T18:15:00Z,767.330000,767.380000,766.970000,766.990000,180250,False
2026-09-30T18:20:00Z,767.000000,767.060000,766.590000,766.590000,112162,False
2026-09-30T18:25:00Z,766.590000,766.820000,766.317200,766.766600,135672,False
2026-09-30T18:30:00Z,766.760000,766.840000,766.101200,766.240000,111825,False
2026-09-30T18:35:00Z,766.245000,766.870000,766.150000,766.800000,152466,False
2026-09-30T18:40:00Z,766.790000,766.970000,766.695000,766.840000,174074,False
2026-09-30T18:45:00Z,766.860000,766.890000,766.150000,766.270000,93047,False
2026-09-30T18:50:00Z,766.280000,766.420000,766.010000,766.209900,113328,False
2026-09-30T18:55:00Z,766.190000,766.630000,766.170000,766.480000,82008,False
2026-09-30T19:00:00Z,766.480000,766.830000,766.460000,766.740000,83985,False
2026-09-30T19:05:00Z,766.760000,766.844000,766.630000,766.800000,87533,False
2026-09-30T19:10:00Z,766.810000,766.880000,766.520000,766.830000,187614,False
2026-09-30T19:15:00Z,766.830000,766.830000,766.460000,766.680000,139758,False
2026-09-30T19:20:00Z,766.670000,766.680000,766.240000,766.320000,100251,False
2026-09-30T19:25:00Z,766.320000,766.500000,766.240000,766.335000,116229,False
2026-09-30T19:30:00Z,766.340000,766.435000,766.050000,766.160000,269492,False
2026-09-30T19:35:00Z,766.160000,766.440000,765.730000,765.990000,333885,False
2026-09-30T19:40:00Z,765.960000,766.080000,765.520000,765.750000,293841,False
2026-09-30T19:45:00Z,765.750000,765.850000,765.290000,765.315000,461415,False
2026-09-30T19:50:00Z,765.310000,765.310000,763.780000,763.840000,1721961,False
2026-09-30T19:55:00Z,763.820000,764.060000,762.200000,762.360000,3025771,False
2026-10-01T13:30:00Z,764.360000,765.260000,763.390000,764.780000,515367,False
2026-10-01T13:35:00Z,764.750000,765.330000,764.460000,764.630000,303598,False
2026-10-01T13:40:00Z,764.600000,764.620000,763.210000,763.409400,375188,False
2026-10-01T13:45:00Z,763.420000,763.920000,762.605000,762.620000,381825,False
2026-10-01T13:50:00Z,762.630000,763.960000,762.620000,763.690000,224544,False
2026-10-01T13:55:00Z,763.776900,764.030000,762.450000,762.580000,256658,False
2026-10-01T14:00:00Z,762.560100,762.690000,759.890000,760.089500,554538,False
2026-10-01T14:05:00Z,760.100000,761.638500,759.721000,761.550000,422105,False
2026-10-01T14:10:00Z,761.575000,761.585000,760.300000,760.895000,288689,False
2026-10-01T14:15:00Z,760.840000,761.280000,760.130000,760.570000,142570,False
2026-10-01T14:20:00Z,760.610000,760.860000,759.800000,760.370000,253024,False
2026-10-01T14:25:00Z,760.390000,761.030000,760.050000,760.500000,153283,False
2026-10-01T14:30:00Z,760.410000,761.535000,760.130000,761.530000,193558,False
2026-10-01T14:35:00Z,761.540000,761.580000,761.350000,761.400000,15642,False
2026-10-01T14:40:00Z,761.980000,762.180000,761.290000,761.450000,174814,False
2026-10-01T14:45:00Z,761.390000,762.110000,760.839900,761.260000,161883,False
2026-10-01T14:50:00Z,761.240000,761.450000,760.110000,760.470000,179223,False
2026-10-01T14:55:00Z,760.480000,761.320000,759.930000,760.410000,189259,False
2026-10-01T15:00:00Z,760.410000,760.550000,759.290000,759.485000,244632,False
2026-10-01T15:05:00Z,759.560000,759.870000,759.000000,759.320000,222674,False
2026-10-01T15:10:00Z,759.400000,759.500000,759.300000,759.400000,25519,False
2026-10-01T15:15:00Z,760.260000,761.170000,760.000000,760.730000,220437,False
2026-10-01T15:20:00Z,760.740000,761.140000,760.350000,760.700000,158145,False
2026-10-01T15:25:00Z,760.700000,761.330000,760.370000,760.400000,143225,False
2026-10-01T15:30:00Z,760.420000,760.510000,759.530000,759.530000,131880,False
2026-10-01T15:35:00Z,759.530000,760.860000,759.250000,760.510000,197170,False
2026-10-01T15:40:00Z,760.510000,760.860300,759.370000,759.675000,163908,False
2026-10-01T15:45:00Z,759.680000,760.360000,759.520000,760.125000,136556,False
2026-10-01T15:50:00Z,760.145000,760.160000,759.270000,759.690000,94852,False
2026-10-01T15:55:00Z,759.705000,760.900000,759.685000,760.670000,125574,False
2026-10-01T16:00:00Z,760.694000,761.250000,760.250000,761.085000,158302,False
2026-10-01T16:05:00Z,761.055000,761.280000,760.590000,760.900000,108763,False
2026-10-01T16:10:00Z,760.920000,761.180000,760.430000,760.570000,107898,False
2026-10-01T16:15:00Z,760.570000,761.600000,760.450100,761.078000,123802,False
2026-10-01T16:20:00Z,761.040000,761.745000,760.810000,761.639000,122352,False
2026-10-01T16:25:00Z,761.640000,761.710000,761.265000,761.285000,104809,False
2026-10-01T16:30:00Z,761.290000,762.390000,761.170000,762.320100,210700,False
2026-10-01T16:35:00Z,762.320000,762.570000,761.470000,761.870000,194695,False
2026-10-01T16:40:00Z,761.890000,762.165000,761.470000,762.000000,107517,False
2026-10-01T16:45:00Z,762.015000,762.280000,761.801300,761.860000,85054,False
2026-10-01T16:50:00Z,761.906100,762.000000,760.810000,760.890000,127881,False
2026-10-01T16:55:00Z,760.890000,761.010000,760.290000,760.935000,176404,False
2026-10-01T17:00:00Z,760.920000,761.930000,760.750000,761.860000,186724,False
2026-10-01T17:05:00Z,761.830000,762.020000,761.570200,761.615000,93349,False
2026-10-01T17:10:00Z,761.637800,762.240000,761.560000,761.930000,141983,False
2026-10-01T17:15:00Z,761.945000,762.735000,761.790000,762.550000,120890,False
2026-10-01T17:20:00Z,762.560000,763.670000,762.548800,763.660000,235196,False
2026-10-01T17:25:00Z,763.670000,763.960000,763.480000,763.685000,306390,False
2026-10-01T17:30:00Z,763.670000,765.170000,763.660000,764.610000,398561,False
2026-10-01T17:35:00Z,764.620000,764.630000,764.060000,764.280000,154159,False
2026-10-01T17:40:00Z,764.290000,764.965000,764.103400,764.820000,170767,False
2026-10-01T17:45:00Z,764.815000,765.320000,764.490000,764.530000,265157,False
2026-10-01T17:50:00Z,764.505000,764.730000,763.780000,763.800000,344100,False
2026-10-01T17:55:00Z,763.790000,764.130000,763.260000,763.530500,340574,False
2026-10-01T18:00:00Z,763.560000,763.720000,762.880000,763.480000,168943,False
2026-10-01T18:05:00Z,763.080000,763.170000,762.201000,762.650000,214539,False
2026-10-01T18:10:00Z,762.670000,763.510000,762.480000,763.320000,157247,False
2026-10-01T18:15:00Z,763.340000,763.800000,763.270000,763.490000,127823,False
2026-10-01T18:20:00Z,763.500000,764.220000,763.010000,763.970000,214000,False
2026-10-01T18:25:00Z,763.900000,764.250000,763.740000,764.110000,76034,False
2026-10-01T18:30:00Z,764.130000,765.150000,763.730000,765.115000,296888,False
2026-10-01T18:35:00Z,764.500000,764.530000,764.370000,764.370000,7787,False
2026-10-01T18:40:00Z,764.380000,764.580000,764.110000,764.320000,76404,False
2026-10-01T18:45:00Z,764.330000,764.410000,764.060000,764.300000,103285,False
2026-10-01T18:50:00Z,764.290500,764.690000,764.158300,764.550000,78741,False
2026-10-01T18:55:00Z,764.560000,764.840000,764.410000,764.800000,94077,False
2026-10-01T19:00:00Z,764.806000,764.905000,764.210000,764.530000,89115,False
2026-10-01T19:05:00Z,764.530000,764.640000,764.210000,764.550000,84841,False
2026-10-01T19:10:00Z,764.550500,764.770000,764.420000,764.580000,61103,False
2026-10-01T19:15:00Z,764.570000,764.690000,764.320000,764.690000,95229,False
2026-10-01T19:20:00Z,764.680000,764.820000,764.340000,764.380000,97027,False
2026-10-01T19:25:00Z,764.380000,764.530000,764.260000,764.515100,132085,False
2026-10-01T19:30:00Z,764.500000,764.810000,764.345000,764.420000,98475,False
2026-10-01T19:35:00Z,764.425000,764.750000,764.220000,764.620000,185429,False
2026-10-01T19:40:00Z,764.620000,764.920000,764.599800,764.640000,172078,False
2026-10-01T19:45:00Z,764.620000,765.030000,764.550000,764.860000,240234,False
2026-10-01T19:50:00Z,764.860000,765.650000,764.500000,764.520000,406808,False
2026-10-01T19:55:00Z,764.490000,764.500000,763.470000,764.030000,1038630,False
2026-10-02T13:30:00Z,770.570000,770.840000,769.490000,770.710000,638938,False
2026-10-02T13:35:00Z,770.680000,771.120000,770.415000,770.790000,401938,False
2026-10-02T13:40:00Z,770.800000,771.650000,770.252000,771.620100,264161,False
2026-10-02T13:45:00Z,771.630000,772.090000,771.170000,771.380000,349386,False
2026-10-02T13:50:00Z,771.380000,771.750000,770.160000,770.210000,218052,False
2026-10-02T13:55:00Z,770.190000,770.650000,769.070000,770.550000,495311,False
2026-10-02T14:00:00Z,770.560000,771.660000,769.880000,771.625000,221350,False
2026-10-02T14:05:00Z,771.610000,771.795000,771.052000,771.140000,210948,False
2026-10-02T14:10:00Z,771.150000,771.680000,770.700000,771.470000,293120,False
2026-10-02T14:15:00Z,771.475000,772.058000,771.190000,771.980000,196656,False
2026-10-02T14:20:00Z,771.985000,772.350000,771.680000,772.350000,225891,False
2026-10-02T14:25:00Z,772.350000,772.489900,772.020000,772.080000,192559,False
2026-10-02T14:30:00Z,772.080000,772.120000,771.305000,771.765000,234927,False
2026-10-02T14:35:00Z,771.770000,772.180000,771.665000,772.060000,179365,False
2026-10-02T14:40:00Z,772.080000,772.650000,771.870000,772.130000,202285,False
2026-10-02T14:45:00Z,772.135000,772.442500,771.790000,772.080000,205123,False
2026-10-02T14:50:00Z,772.080000,772.095000,770.820000,770.910000,280256,False
2026-10-02T14:55:00Z,770.970000,771.630000,770.750000,770.970000,224196,False
2026-10-02T15:00:00Z,770.990000,771.120000,769.910000,769.970000,341098,False
2026-10-02T15:05:00Z,769.970000,770.040000,768.939000,769.030000,355458,False
2026-10-02T15:10:00Z,769.018400,769.260000,768.170000,768.670000,398578,False
2026-10-02T15:15:00Z,768.650000,769.070000,767.930000,768.160500,241623,False
2026-10-02T15:20:00Z,768.130000,768.510000,767.355000,767.355000,315945,False
2026-10-02T15:25:00Z,767.355000,768.860000,767.145000,768.790000,318854,False
2026-10-02T15:30:00Z,768.790000,769.240000,768.140000,769.180500,208559,False
2026-10-02T15:35:00Z,769.190000,769.460000,768.820000,769.290000,178943,False
2026-10-02T15:40:00Z,769.310000,769.500000,768.740000,769.040000,137716,False
2026-10-02T15:45:00Z,769.030000,769.300000,768.860000,768.935000,159344,False
2026-10-02T15:50:00Z,768.940000,769.290000,768.510000,768.680000,177556,False
2026-10-02T15:55:00Z,768.650000,769.280000,768.520000,769.215000,123312,False
2026-10-02T16:00:00Z,769.230000,769.855000,769.090000,769.500000,163001,False
2026-10-02T16:05:00Z,769.360000,769.440000,769.310000,769.365000,7468,False
2026-10-02T16:10:00Z,769.790000,769.910000,769.280000,769.565000,104330,False
2026-10-02T16:15:00Z,769.550000,769.800000,769.365000,769.680000,89717,False
2026-10-02T16:20:00Z,769.690000,769.730000,769.035000,769.100000,98368,False
2026-10-02T16:25:00Z,769.120000,769.420000,769.070000,769.270000,54207,False
2026-10-02T16:30:00Z,768.970000,769.445000,768.965000,769.250000,91331,False
2026-10-02T16:35:00Z,769.230000,769.850000,769.110000,769.730000,123220,False
2026-10-02T16:40:00Z,769.758000,769.769900,768.720000,769.020000,131456,False
2026-10-02T16:45:00Z,769.060000,769.330000,768.860000,769.000000,99420,False
2026-10-02T16:50:00Z,768.960000,769.605000,768.840000,769.490000,111077,False
2026-10-02T16:55:00Z,769.490000,769.610000,769.190000,769.330000,71919,False
2026-10-02T17:00:00Z,769.360000,770.050000,769.315000,769.750000,117725,False
2026-10-02T17:05:00Z,769.767000,769.860000,769.205000,769.500000,87255,False
2026-10-02T17:10:00Z,769.490000,769.650000,769.023800,769.330000,83604,False
2026-10-02T17:15:00Z,769.320000,769.330000,769.185000,769.185000,9011,False
2026-10-02T17:20:00Z,769.560000,769.580000,768.640000,768.755000,123071,False
2026-10-02T17:25:00Z,768.780000,768.890000,768.330000,768.540000,149726,False
2026-10-02T17:30:00Z,768.470000,769.300000,768.420000,769.090000,137416,False
2026-10-02T17:35:00Z,769.100000,769.110000,768.670000,768.895000,65080,False
2026-10-02T17:40:00Z,768.890000,769.060000,768.565000,768.970000,86857,False
2026-10-02T17:45:00Z,768.960000,769.210000,768.865000,769.200000,84373,False
2026-10-02T17:50:00Z,769.185000,769.460000,768.660000,769.400000,102137,False
2026-10-02T17:55:00Z,769.400600,769.420000,768.830000,769.170000,70885,False
2026-10-02T18:00:00Z,769.180000,769.340600,768.930000,769.260000,192382,False
2026-10-02T18:05:00Z,769.170000,769.240000,768.885000,769.135000,99294,False
2026-10-02T18:10:00Z,769.140000,769.350000,768.960000,769.250000,107634,False
2026-10-02T18:15:00Z,769.230000,769.240000,768.740000,768.880000,124813,False
2026-10-02T18:20:00Z,768.840200,768.880000,768.750000,768.840000,16771,False
2026-10-02T18:25:00Z,768.612000,769.020000,768.500000,768.980000,93461,False
2026-10-02T18:30:00Z,768.950000,769.230000,768.750000,768.990000,102348,False
2026-10-02T18:35:00Z,768.940000,769.000000,768.930000,768.940000,5554,False
2026-10-02T18:40:00Z,768.820000,769.300000,768.760000,769.220000,128640,False
2026-10-02T18:45:00Z,769.225000,769.325600,769.110000,769.180000,92791,False
2026-10-02T18:50:00Z,769.185000,769.340000,769.100000,769.340000,92860,False
2026-10-02T18:55:00Z,769.340000,769.390000,769.140000,769.290000,97491,False
2026-10-02T19:00:00Z,769.300000,769.430000,769.140000,769.290000,119204,False
2026-10-02T19:05:00Z,769.310000,769.320000,768.960000,769.030000,166368,False
2026-10-02T19:10:00Z,769.020000,769.210000,768.980000,769.150000,124376,False
2026-10-02T19:15:00Z,769.170000,769.520000,769.030000,769.335000,138244,False
2026-10-02T19:20:00Z,769.340000,769.445300,769.140000,769.385000,118998,False
2026-10-02T19:25:00Z,769.400000,769.600000,769.160000,769.350000,160212,False
2026-10-02T19:30:00Z,769.340000,769.755000,769.300000,769.730000,279948,False
2026-10-02T19:35:00Z,769.720000,770.050000,769.645000,769.800000,364251,False
2026-10-02T19:40:00Z,769.800600,769.875000,769.520000,769.630000,310251,False
2026-10-02T19:45:00Z,769.640000,770.076800,769.440000,769.555000,566880,False
2026-10-02T19:50:00Z,769.570000,769.970000,769.470000,769.530000,372379,False
2026-10-02T19:55:00Z,769.540000,769.730000,769.170000,769.650000,869419,False
2026-10-05T13:30:00Z,769.690000,770.930000,769.650000,770.800000,549090,False
2026-10-05T13:35:00Z,770.800000,770.970000,770.405700,770.590000,179743,False
2026-10-05T13:40:00Z,770.580000,770.890000,770.280000,770.640000,218167,False
2026-10-05T13:45:00Z,770.630000,770.960000,770.262700,770.610100,230082,False
2026-10-05T13:50:00Z,770.650000,770.850000,770.335000,770.420000,100091,False
2026-10-05T13:55:00Z,770.380000,770.790000,770.300000,770.680000,171380,False
2026-10-05T14:00:00Z,770.560000,771.220000,769.980000,770.929900,249767,False
2026-10-05T14:05:00Z,770.920000,771.810000,770.920000,771.796000,287336,False
2026-10-05T14:10:00Z,771.810000,772.125500,771.540000,771.935000,268923,False
2026-10-05T14:15:00Z,771.940000,772.670000,771.820000,772.419900,233092,False
2026-10-05T14:20:00Z,772.420000,772.860000,772.420000,772.710000,215248,False
2026-10-05T14:25:00Z,772.715000,772.960000,772.460000,772.670300,165462,False
2026-10-05T14:30:00Z,772.680000,772.720000,771.670000,771.794100,213884,False
2026-10-05T14:35:00Z,771.800000,772.410000,771.790000,772.400000,143898,False
2026-10-05T14:40:00Z,772.385000,772.500000,772.120000,772.265000,118526,False
2026-10-05T14:45:00Z,772.270000,772.490000,772.183400,772.400000,113753,False
2026-10-05T14:50:00Z,772.400000,772.475000,772.110000,772.400000,122391,False
2026-10-05T14:55:00Z,772.405000,772.890000,772.160000,772.770100,166132,False
2026-10-05T15:00:00Z,772.770000,772.909000,772.505000,772.755000,166578,False
2026-10-05T15:05:00Z,772.760000,772.790000,772.365000,772.410000,160862,False
2026-10-05T15:10:00Z,772.420000,772.610000,772.300000,772.565000,146356,False
2026-10-05T15:15:00Z,772.561200,772.655000,772.285000,772.610000,125333,False
2026-10-05T15:20:00Z,772.610000,772.895000,772.390000,772.800000,353186,False
2026-10-05T15:25:00Z,772.810000,772.960000,772.520000,772.860000,98686,False
2026-10-05T15:30:00Z,772.870000,773.130000,772.835000,773.050000,131081,False
2026-10-05T15:35:00Z,773.055100,773.115000,772.890000,773.060000,187136,False
2026-10-05T15:40:00Z,773.050100,773.450000,772.930000,773.290000,130512,False
2026-10-05T15:45:00Z,773.290000,773.350000,772.995000,773.330000,145407,False
2026-10-05T15:50:00Z,773.340000,773.480000,773.241500,773.285000,108917,False
2026-10-05T15:55:00Z,773.285000,773.370000,773.165000,773.300000,128317,False
2026-10-05T16:00:00Z,773.305000,773.330000,772.930000,773.000000,137620,False
2026-10-05T16:05:00Z,772.990000,773.160000,772.920000,773.140000,119719,False
2026-10-05T16:10:00Z,773.140000,773.250000,773.050000,773.180000,83024,False
2026-10-05T16:15:00Z,773.180000,773.180000,772.900000,772.950000,121253,False
2026-10-05T16:20:00Z,772.935000,773.640000,772.855000,773.500100,136824,False
2026-10-05T16:25:00Z,773.500000,773.690000,773.411000,773.610800,137881,False
2026-10-05T16:30:00Z,773.620000,773.730000,773.510000,773.675000,99839,False
2026-10-05T16:35:00Z,773.692600,774.040000,773.692600,773.970000,135360,False
2026-10-05T16:40:00Z,773.960000,774.495000,773.950000,774.450000,116416,False
2026-10-05T16:45:00Z,774.460000,774.500000,774.175000,774.280000,104038,False
2026-10-05T16:50:00Z,774.340000,774.540000,774.305000,774.365000,85453,False
2026-10-05T16:55:00Z,774.360100,774.390000,774.070000,774.080000,100548,False
2026-10-05T17:00:00Z,774.100000,774.154500,773.800000,773.800000,92676,False
2026-10-05T17:05:00Z,773.819900,774.080000,773.770000,773.990000,89655,False
2026-10-05T17:10:00Z,774.000000,774.200000,773.990000,774.162000,69611,False
2026-10-05T17:15:00Z,774.175000,774.355000,774.100000,774.265000,146074,False
2026-10-05T17:20:00Z,774.270000,774.400000,774.229000,774.389900,79813,False
2026-10-05T17:25:00Z,774.390000,774.470000,774.200000,774.355000,78456,False
2026-10-05T17:30:00Z,774.355000,774.375000,774.160000,774.255000,108514,False
2026-10-05T17:35:00Z,774.250000,774.360000,774.150000,774.186800,50034,False
2026-10-05T17:40:00Z,774.190000,774.890000,774.130000,774.875000,138485,False
2026-10-05T17:45:00Z,774.870000,774.980000,774.585000,774.710000,149168,False
2026-10-05T17:50:00Z,774.719900,774.790000,774.580000,774.580000,91457,False
2026-10-05T17:55:00Z,774.585000,774.810000,774.540000,774.769900,77329,False
2026-10-05T18:00:00Z,774.780000,774.940000,774.715000,774.830000,181800,False
2026-10-05T18:05:00Z,774.830000,774.830000,774.370000,774.695000,109573,False
2026-10-05T18:10:00Z,774.690000,774.770000,774.630000,774.760000,86293,False
2026-10-05T18:15:00Z,774.760000,774.930000,774.750000,774.790000,114148,False
2026-10-05T18:20:00Z,774.785000,774.980000,774.763700,774.950000,78193,False
2026-10-05T18:25:00Z,774.960000,775.350000,774.870000,775.150000,177864,False
2026-10-05T18:30:00Z,775.150000,775.250000,775.000000,775.130000,93067,False
2026-10-05T18:35:00Z,775.125000,775.280000,775.055000,775.155000,114828,False
2026-10-05T18:40:00Z,775.130000,775.260000,775.020000,775.100000,117062,False
2026-10-05T18:45:00Z,775.110000,775.180000,774.980000,775.075000,128340,False
2026-10-05T18:50:00Z,775.080000,775.310000,775.020000,775.200000,149189,False
2026-10-05T18:55:00Z,775.190000,775.680000,775.180000,775.570000,161309,False
2026-10-05T19:00:00Z,775.570000,776.065000,775.530000,775.870000,229196,False
2026-10-05T19:05:00Z,775.880000,776.000000,775.660000,775.760000,201611,False
2026-10-05T19:10:00Z,775.765000,776.300000,775.660000,776.180000,190524,False
2026-10-05T19:15:00Z,776.170000,776.605000,776.061900,776.420000,245601,False
2026-10-05T19:20:00Z,776.400000,776.490000,776.110000,776.240000,230567,False
2026-10-05T19:25:00Z,776.270000,776.380000,775.990000,776.100000,185255,False
2026-10-05T19:30:00Z,776.110000,776.110000,775.820000,775.935000,214738,False
2026-10-05T19:35:00Z,775.810000,776.100000,775.740000,775.840000,210710,False
2026-10-05T19:40:00Z,775.830000,775.920000,775.500000,775.600000,271691,False
2026-10-05T19:45:00Z,775.570000,775.575000,775.200100,775.400000,45968,False
2026-10-05T19:50:00Z,774.950000,775.000000,774.090000,774.280000,839081,False
2026-10-05T19:55:00Z,774.310000,775.010000,773.990000,774.930000,1061852,False
2026-10-06T13:30:00Z,778.160000,778.730000,777.987600,778.120000,408724,False
2026-10-06T13:35:00Z,778.140000,778.515000,777.960000,778.410000,286806,False
2026-10-06T13:40:00Z,778.390000,778.780000,778.270000,778.650000,272187,False
2026-10-06T13:45:00Z,778.650000,779.050000,778.430000,779.045100,200833,False
2026-10-06T13:50:00Z,779.050000,779.310000,778.950000,779.260100,279693,False
2026-10-06T13:55:00Z,779.285000,779.970000,779.270000,779.800000,244820,False
2026-10-06T14:00:00Z,779.790000,780.190000,779.660000,780.005000,284016,False
2026-10-06T14:05:00Z,780.010000,780.490000,779.719800,780.490000,228000,False
2026-10-06T14:10:00Z,780.490000,780.670000,779.940000,780.035000,249939,False
2026-10-06T14:15:00Z,780.040000,780.347500,779.610000,779.640000,210930,False
2026-10-06T14:20:00Z,779.640000,779.820000,779.350000,779.545000,203725,False
2026-10-06T14:25:00Z,779.555000,779.555000,778.845000,778.845000,267738,False
2026-10-06T14:30:00Z,778.850000,779.220000,778.565000,779.180000,241433,False
2026-10-06T14:35:00Z,779.180000,779.690000,779.156100,779.690000,204025,False
2026-10-06T14:40:00Z,779.709900,780.250000,779.610000,780.215000,176486,False
2026-10-06T14:45:00Z,780.216400,780.216400,779.685000,779.860000,190874,False
2026-10-06T14:50:00Z,779.880000,780.400000,779.870000,780.325000,141592,False
2026-10-06T14:55:00Z,780.290000,780.500000,780.125000,780.419500,201419,False
2026-10-06T15:00:00Z,780.420000,780.650000,780.380000,780.520000,132163,False
2026-10-06T15:05:00Z,780.525000,781.000000,780.490000,780.750000,154833,False
2026-10-06T15:10:00Z,780.750000,781.185000,780.710000,781.140000,89920,False
2026-10-06T15:15:00Z,781.160000,781.410000,781.110000,781.365000,165322,False
2026-10-06T15:20:00Z,781.380000,781.490000,781.210000,781.420000,103672,False
2026-10-06T15:25:00Z,781.430000,781.620000,781.290100,781.340000,161393,False
2026-10-06T15:30:00Z,781.340000,781.360000,781.010000,781.220000,139838,False
2026-10-06T15:35:00Z,781.211100,781.480000,781.070000,781.395000,138719,False
2026-10-06T15:40:00Z,781.420000,781.500000,781.140000,781.185000,133395,False
2026-10-06T15:45:00Z,781.185000,781.240000,780.870300,781.240000,140636,False
2026-10-06T15:50:00Z,781.230000,781.300000,781.100000,781.105000,83764,False
2026-10-06T15:55:00Z,781.110000,781.190000,780.950000,781.100000,109882,False
2026-10-06T16:00:00Z,781.110000,781.250000,780.950000,781.090000,86817,False
2026-10-06T16:05:00Z,781.095000,781.220000,780.710000,780.801000,162774,False
2026-10-06T16:10:00Z,780.800000,781.100000,780.761000,781.020000,92691,False
2026-10-06T16:15:00Z,781.020000,781.020000,780.450000,780.660000,146905,False
2026-10-06T16:20:00Z,780.670000,780.860000,780.565000,780.693700,114485,False
2026-10-06T16:25:00Z,780.690000,780.710000,780.240000,780.290000,123705,False
2026-10-06T16:30:00Z,780.320000,780.550000,780.190000,780.516300,85193,False
2026-10-06T16:35:00Z,780.500000,780.520000,780.040000,780.300100,93260,False
2026-10-06T16:40:00Z,780.300000,780.540000,780.150000,780.383900,83429,False
2026-10-06T16:45:00Z,780.400000,780.470000,779.860000,780.120000,108584,False
2026-10-06T16:50:00Z,780.110000,780.340000,780.020000,780.060000,112287,False
2026-10-06T16:55:00Z,780.055000,780.130000,779.910000,780.021400,119314,False
2026-10-06T17:00:00Z,780.020100,780.100000,779.700000,779.880000,97314,False
2026-10-06T17:05:00Z,779.901000,779.950000,779.720000,779.930000,84235,False
2026-10-06T17:10:00Z,779.929900,779.965000,779.500000,779.600100,103097,False
2026-10-06T17:15:00Z,779.610000,779.670000,779.220000,779.230000,122146,False
2026-10-06T17:20:00Z,779.225000,779.389500,778.900000,779.235000,175511,False
2026-10-06T17:25:00Z,779.255000,779.760000,779.254700,779.700000,201224,False
2026-10-06T17:30:00Z,779.720000,780.020000,779.538000,779.990000,83171,False
2026-10-06T17:35:00Z,779.980000,780.080000,779.810000,779.880000,98113,False
2026-10-06T17:40:00Z,779.879900,780.000000,779.760000,779.900000,100206,False
2026-10-06T17:45:00Z,779.885000,780.000000,779.812100,779.995000,60984,False
2026-10-06T17:50:00Z,779.980000,780.190000,779.785000,779.850000,84303,False
2026-10-06T17:55:00Z,779.821000,779.860000,779.576200,779.820000,70491,False
2026-10-06T18:00:00Z,779.830000,780.220000,779.790000,780.140000,154438,False
2026-10-06T18:05:00Z,780.135000,780.240000,780.070000,780.180000,82753,False
2026-10-06T18:10:00Z,780.200000,780.349000,780.030000,780.195000,95137,False
2026-10-06T18:15:00Z,780.195000,780.250000,779.975000,779.975000,77262,False
2026-10-06T18:20:00Z,779.979900,780.005000,779.740000,779.910000,90559,False
2026-10-06T18:25:00Z,779.915000,779.970000,779.760000,779.800000,53021,False
2026-10-06T18:30:00Z,779.790000,780.009500,779.640000,779.870100,102460,False
2026-10-06T18:35:00Z,779.870000,779.960000,779.699400,779.765200,70176,False
2026-10-06T18:40:00Z,779.760000,779.925000,779.740000,779.830000,62387,False
2026-10-06T18:45:00Z,779.835000,780.060000,779.770000,779.960000,76079,False
2026-10-06T18:50:00Z,779.968000,780.100000,779.960100,779.980000,103958,False
2026-10-06T18:55:00Z,779.990000,780.160000,779.990000,780.090100,83540,False
2026-10-06T19:00:00Z,780.090000,780.220000,780.060000,780.180100,96290,False
2026-10-06T19:05:00Z,780.200000,780.290000,779.729700,779.755000,218746,False
2026-10-06T19:10:00Z,779.755000,779.950000,779.750000,779.880000,103276,False
2026-10-06T19:15:00Z,779.880000,780.029900,779.700000,779.810000,137307,False
2026-10-06T19:20:00Z,779.825000,779.910000,779.650000,779.685000,131498,False
2026-10-06T19:25:00Z,779.680000,779.820000,779.615000,779.710000,129505,False
2026-10-06T19:30:00Z,779.705000,779.849900,779.540000,779.580400,176302,False
2026-10-06T19:35:00Z,779.570000,779.710000,779.480000,779.601800,119988,False
2026-10-06T19:40:00Z,779.590000,779.735000,779.440000,779.560000,165091,False
2026-10-06T19:45:00Z,779.550000,779.660000,779.432700,779.530000,354141,False
2026-10-06T19:50:00Z,779.520000,779.550000,779.020000,779.080000,555245,False
2026-10-06T19:55:00Z,779.090000,779.340000,779.025000,779.140000,747709,False
2026-10-07T13:30:00Z,775.750000,776.150000,775.480000,775.485000,521600,False
2026-10-07T13:35:00Z,775.480000,775.550000,774.253800,774.510000,320983,False
2026-10-07T13:40:00Z,774.500000,775.010000,774.290000,774.640000,257258,False
2026-10-07T13:45:00Z,774.662500,774.895000,774.100000,774.310000,217051,False
2026-10-07T13:50:00Z,774.280000,775.040000,774.280000,775.020000,218796,False
2026-10-07T13:55:00Z,774.990000,775.120000,774.647700,774.785000,213745,False
2026-10-07T14:00:00Z,774.760000,774.815000,774.220000,774.549900,146588,False
2026-10-07T14:05:00Z,774.550000,774.630000,774.150000,774.472200,120663,False
2026-10-07T14:10:00Z,774.460000,774.480000,774.030000,774.310000,110581,False
2026-10-07T14:15:00Z,774.326600,774.756000,774.050000,774.710000,135705,False
2026-10-07T14:20:00Z,774.720000,774.990000,774.531000,774.765000,158553,False
2026-10-07T14:25:00Z,774.765000,774.970000,774.240000,774.440100,101842,False
2026-10-07T14:30:00Z,774.460000,774.820000,774.172500,774.490000,101495,False
2026-10-07T14:35:00Z,774.485200,774.730000,774.330000,774.630000,76229,False
2026-10-07T14:40:00Z,774.645000,774.710000,773.880000,773.880000,124064,False
2026-10-07T14:45:00Z,773.890000,774.060000,773.690000,773.830000,171995,False
2026-10-07T14:50:00Z,773.850000,774.035000,773.610000,773.979900,120057,False
2026-10-07T14:55:00Z,773.980000,774.470000,773.890000,774.360000,130332,False
2026-10-07T15:00:00Z,774.380000,774.390000,773.770100,774.000000,77455,False
2026-10-07T15:05:00Z,773.993600,774.469500,773.993600,774.410000,87276,False
2026-10-07T15:10:00Z,774.400000,775.280000,774.340000,774.830000,162007,False
2026-10-07T15:15:00Z,774.830000,775.185000,774.670000,774.847500,91885,False
2026-10-07T15:20:00Z,774.845000,774.900000,774.420000,774.730000,119753,False
2026-10-07T15:25:00Z,774.780000,774.888200,774.590000,774.720000,69934,False
2026-10-07T15:30:00Z,774.750000,775.100000,774.700000,775.039900,83132,False
2026-10-07T15:35:00Z,775.040000,775.940000,775.040000,775.780500,172572,False
2026-10-07T15:40:00Z,775.790000,776.085000,775.690000,775.961100,113183,False
2026-10-07T15:45:00Z,775.980000,776.450000,775.940000,776.260000,148569,False
2026-10-07T15:50:00Z,776.300000,776.600000,776.220000,776.281000,126226,False
2026-10-07T15:55:00Z,776.220000,776.480000,776.170000,776.340000,93957,False
2026-10-07T16:00:00Z,776.340000,776.535700,775.799000,776.250000,135749,False
2026-10-07T16:05:00Z,776.190000,776.650000,776.190000,776.485000,84073,False
2026-10-07T16:10:00Z,776.492800,776.650000,776.350000,776.610000,44807,False
2026-10-07T16:15:00Z,776.600100,776.649900,776.380000,776.570000,58596,False
2026-10-07T16:20:00Z,776.599900,776.905000,776.540000,776.760000,57324,False
2026-10-07T16:25:00Z,776.770000,776.789900,776.600000,776.680000,37271,False
2026-10-07T16:30:00Z,776.670000,776.850100,776.490000,776.705000,53009,False
2026-10-07T16:35:00Z,776.690000,776.750000,776.315000,776.320100,67085,False
2026-10-07T16:40:00Z,776.325000,776.480000,776.270000,776.460000,105929,False
2026-10-07T16:45:00Z,776.480000,776.880000,776.375000,776.490000,66412,False
2026-10-07T16:50:00Z,776.520000,776.670000,776.280000,776.340000,69097,False
2026-10-07T16:55:00Z,776.370000,776.445000,776.214600,776.350000,33100,False
2026-10-07T17:00:00Z,776.340000,777.200000,776.120000,776.629900,217617,False
2026-10-07T17:05:00Z,776.580000,777.390100,776.560000,777.250000,99740,False
2026-10-07T17:10:00Z,777.270000,777.400000,777.030000,777.305000,71864,False
2026-10-07T17:15:00Z,777.300000,777.480000,777.010000,777.445000,58269,False
2026-10-07T17:20:00Z,777.440000,777.700000,777.440000,777.610000,120043,False
2026-10-07T17:25:00Z,777.610000,777.689900,777.260000,777.315000,72991,False
2026-10-07T17:30:00Z,777.308800,777.520000,777.220000,777.495100,43853,False
2026-10-07T17:35:00Z,777.510000,777.518700,777.160000,777.280000,46494,False
2026-10-07T17:40:00Z,777.290000,777.409400,777.130000,777.360000,85846,False
2026-10-07T17:45:00Z,777.410000,777.740000,777.380000,777.440000,46253,False
2026-10-07T17:50:00Z,777.470000,777.470000,777.190000,777.210000,37075,False
2026-10-07T17:55:00Z,777.200000,777.350000,777.090000,777.310000,33489,False
2026-10-07T18:00:00Z,777.290000,777.470000,776.920100,777.430000,83040,False
2026-10-07T18:05:00Z,777.410000,777.780000,777.410000,777.480000,89888,False
2026-10-07T18:10:00Z,777.479900,777.570000,777.280000,777.380000,82873,False
2026-10-07T18:15:00Z,777.400000,777.535000,777.340000,777.480000,81355,False
2026-10-07T18:20:00Z,777.470000,777.480000,777.260000,777.450000,69875,False
2026-10-07T18:25:00Z,777.450000,777.669900,777.260000,777.540000,73075,False
2026-10-07T18:30:00Z,777.540000,777.720000,777.420000,777.510000,58319,False
2026-10-07T18:35:00Z,777.505000,777.590000,777.100000,777.279900,86502,False
2026-10-07T18:40:00Z,777.270000,777.501000,777.200000,777.480000,54498,False
2026-10-07T18:45:00Z,777.500000,777.540000,777.370000,777.430000,43188,False
2026-10-07T18:50:00Z,777.445000,779.102100,777.360000,777.520000,1012050,False
2026-10-07T18:55:00Z,777.565000,777.840000,777.560000,777.650000,79007,False
2026-10-07T19:00:00Z,777.660000,777.920000,777.161000,777.270000,136832,False
2026-10-07T19:05:00Z,777.315000,777.490000,777.040000,777.355000,137217,False
2026-10-07T19:10:00Z,777.349100,777.435000,777.169900,777.200000,45890,False
2026-10-07T19:15:00Z,777.220000,777.325000,777.010000,777.175000,74516,False
2026-10-07T19:20:00Z,777.200500,777.270000,776.930000,777.200000,52059,False
2026-10-07T19:25:00Z,777.210000,777.320000,777.010000,777.040000,93067,False
2026-10-07T19:30:00Z,777.020000,777.200000,776.990000,777.130000,109742,False
2026-10-07T19:35:00Z,777.120000,777.209900,776.840100,776.860500,160871,False
2026-10-07T19:40:00Z,776.870000,777.300000,776.791000,777.239900,139781,False
2026-10-07T19:45:00Z,777.235000,777.250000,776.810000,776.940000,182300,False
2026-10-07T19:50:00Z,776.950000,777.430000,776.950000,777.400000,370202,False
2026-10-07T19:55:00Z,777.410000,777.610000,777.140000,777.170000,608490,False
2026-10-08T13:30:00Z,774.850000,775.329900,774.490000,775.320000,673841,False
2026-10-08T13:35:00Z,775.300000,775.300000,774.580000,774.960000,162595,False
2026-10-08T13:40:00Z,774.850000,774.850000,774.450000,774.620000,170960,False
2026-10-08T13:45:00Z,774.640000,775.470000,774.590000,775.430000,145868,False
2026-10-08T13:50:00Z,775.400000,775.740000,774.915000,774.930000,152587,False
2026-10-08T13:55:00Z,774.910000,775.639900,774.860000,775.318700,127713,False
2026-10-08T14:00:00Z,775.280000,775.530100,775.140000,775.510000,111199,False
2026-10-08T14:05:00Z,775.500000,775.990000,775.470000,775.770000,117120,False
2026-10-08T14:10:00Z,775.810000,776.059900,775.680000,775.860000,93404,False
2026-10-08T14:15:00Z,775.840000,776.020000,775.710000,775.930000,110385,False
2026-10-08T14:20:00Z,775.910000,776.320000,775.900000,776.137300,247365,False
2026-10-08T14:25:00Z,776.090000,776.550000,775.940000,776.440000,171130,False
2026-10-08T14:30:00Z,776.460000,776.540000,776.200000,776.480000,110362,False
2026-10-08T14:35:00Z,776.500000,776.555000,776.130000,776.160000,126153,False
2026-10-08T14:40:00Z,776.150000,776.240000,775.830000,775.920000,132958,False
2026-10-08T14:45:00Z,775.930300,776.070000,775.600000,775.605000,107537,False
2026-10-08T14:50:00Z,775.610000,775.710000,774.820000,775.040000,127787,False
2026-10-08T14:55:00Z,775.010000,775.450000,774.925000,775.350000,96911,False
2026-10-08T15:00:00Z,775.320000,775.370000,774.860000,775.210000,102539,False
2026-10-08T15:05:00Z,775.209900,775.380000,774.919000,774.940000,87816,False
2026-10-08T15:10:00Z,774.940000,775.130000,774.470000,774.470000,117958,False
2026-10-08T15:15:00Z,774.470000,774.670000,774.275000,774.510000,221372,False
2026-10-08T15:20:00Z,774.485000,774.610000,774.260000,774.400000,97597,False
2026-10-08T15:25:00Z,774.395000,774.830000,774.230300,774.660000,104133,False
2026-10-08T15:30:00Z,774.665000,774.720000,774.240000,774.260000,107331,False
2026-10-08T15:35:00Z,774.260000,774.480000,774.180000,774.275000,95332,False
2026-10-08T15:40:00Z,774.265000,774.609000,774.200000,774.520000,51769,False
2026-10-08T15:45:00Z,774.510000,774.678000,774.445100,774.485000,132572,False
2026-10-08T15:50:00Z,774.450000,774.729900,774.280000,774.350000,68296,False
2026-10-08T15:55:00Z,774.350000,774.410000,774.150000,774.410000,51440,False
2026-10-08T16:00:00Z,774.360000,774.520000,774.170000,774.290000,35927,False
2026-10-08T16:05:00Z,774.245000,774.660000,774.230000,774.616300,58560,False
2026-10-08T16:10:00Z,774.620000,774.930000,774.610000,774.710000,67234,False
2026-10-08T16:15:00Z,774.709000,777.090000,774.620000,775.420000,476953,False
2026-10-08T16:20:00Z,775.420000,775.910000,775.370000,775.790000,139588,False
2026-10-08T16:25:00Z,775.790000,775.820000,775.370000,775.440000,57937,False
2026-10-08T16:30:00Z,775.447200,775.750000,775.280100,775.410000,96532,False
2026-10-08T16:35:00Z,775.430000,775.600000,774.780000,774.975000,69307,False
2026-10-08T16:40:00Z,775.370000,775.460000,775.340000,775.395000,5451,False
2026-10-08T16:45:00Z,774.810000,775.000000,773.210000,773.255000,262610,False
2026-10-08T16:50:00Z,773.230000,773.590000,772.485000,773.100000,467668,False
2026-10-08T16:55:00Z,773.140000,773.510000,772.570000,773.140000,317766,False
2026-10-08T17:00:00Z,773.120000,773.135000,771.930000,772.060000,367383,False
2026-10-08T17:05:00Z,772.070000,772.655000,771.800000,772.460000,223973,False
2026-10-08T17:10:00Z,772.465000,773.340000,772.090000,773.110500,229190,False
2026-10-08T17:15:00Z,773.140000,773.470000,772.290000,772.360000,197050,False
2026-10-08T17:20:00Z,772.340000,772.480000,771.637100,771.830000,212055,False
2026-10-08T17:25:00Z,771.790000,771.900000,770.435000,771.080000,338595,False
2026-10-08T17:30:00Z,771.110000,772.030000,770.870000,771.910000,219958,False
2026-10-08T17:35:00Z,771.899400,772.560000,771.780000,772.550000,161393,False
2026-10-08T17:40:00Z,772.538000,772.780000,772.350000,772.550000,179916,False
2026-10-08T17:45:00Z,772.545000,772.830000,771.500000,771.506100,160733,False
2026-10-08T17:50:00Z,771.500000,771.690000,771.265000,771.670000,197114,False
2026-10-08T17:55:00Z,771.555000,772.030000,771.510000,771.920000,116626,False
2026-10-08T18:00:00Z,771.930000,772.230000,771.410000,771.882800,317259,False
2026-10-08T18:05:00Z,771.880000,772.280000,771.710000,772.020000,112428,False
2026-10-08T18:10:00Z,771.980000,772.729900,771.950000,772.650000,88908,False
2026-10-08T18:15:00Z,772.660000,773.260000,772.635000,773.190000,188173,False
2026-10-08T18:20:00Z,773.190000,773.450000,772.630000,773.450000,134372,False
2026-10-08T18:25:00Z,773.450000,773.800000,773.200000,773.350000,146449,False
2026-10-08T18:30:00Z,773.040000,773.040000,772.670000,772.850000,97124,False
2026-10-08T18:35:00Z,772.850000,773.000000,772.540000,772.880000,76424,False
2026-10-08T18:40:00Z,772.860000,773.000000,772.520000,772.800000,71437,False
2026-10-08T18:45:00Z,772.790000,773.170000,772.670000,773.096500,97449,False
2026-10-08T18:50:00Z,773.120000,773.280000,772.860000,773.080000,88935,False
2026-10-08T18:55:00Z,773.090000,773.170000,772.830000,772.880000,64236,False
2026-10-08T19:00:00Z,772.875000,773.000000,772.560000,772.650000,62129,False
2026-10-08T19:05:00Z,772.630000,772.870000,772.300000,772.670000,137918,False
2026-10-08T19:10:00Z,772.680100,773.170000,772.665000,772.980000,108328,False
2026-10-08T19:15:00Z,772.960000,773.110000,772.677900,772.920000,116867,False
2026-10-08T19:20:00Z,772.900000,773.880000,772.810000,773.700000,164047,False
2026-10-08T19:25:00Z,773.690500,773.920000,773.160000,773.390000,172281,False
2026-10-08T19:30:00Z,773.400000,773.490000,772.940000,773.160000,159175,False
2026-10-08T19:35:00Z,773.170000,773.350000,773.030000,773.320000,114353,False
2026-10-08T19:40:00Z,773.325000,773.520000,773.180000,773.360000,298294,False
2026-10-08T19:45:00Z,773.350000,773.560000,773.230000,773.510000,230088,False
2026-10-08T19:50:00Z,773.500000,773.900000,773.080000,773.390000,536309,False
2026-10-08T19:55:00Z,773.380000,774.080000,773.210000,773.880000,644819,False
